[01-Aug-2026 06:28:19 Europe/Berlin] [DEBUG] Routing - Processed Path: /api/ipd-billing-master, Method: GET
[01-Aug-2026 06:28:24 Europe/Berlin] [DEBUG] Routing - Processed Path: /api/ipd-billing-master, Method: GET
[01-Aug-2026 06:28:27 Europe/Berlin] [DEBUG] Routing - Processed Path: /api/ipd-billing-master, Method: POST
[01-Aug-2026 06:28:27 Europe/Berlin] [DEBUG] Routing - Processed Path: /api/ipd-billing-items, Method: GET
[01-Aug-2026 06:28:27 Europe/Berlin] [DEBUG] Routing - Processed Path: /api/ipd-payment, Method: GET
[01-Aug-2026 07:01:12 Europe/Berlin] [DEBUG] Routing - Processed Path: /api/ipd-billing-master, Method: GET
[01-Aug-2026 07:01:13 Europe/Berlin] [DEBUG] Routing - Processed Path: /api/ipd-payment, Method: GET
[01-Aug-2026 07:01:13 Europe/Berlin] [DEBUG] Routing - Processed Path: /api/ipd-billing-items, Method: GET
[01-Aug-2026 07:02:03 Europe/Berlin] [DEBUG] Routing - Processed Path: /api/ipd-billing-master, Method: GET
[01-Aug-2026 07:02:03 Europe/Berlin] [DEBUG] Routing - Processed Path: /api/ipd-billing-items, Method: GET
[01-Aug-2026 07:02:03 Europe/Berlin] [DEBUG] Routing - Processed Path: /api/ipd-payment, Method: GET
[01-Aug-2026 07:02:49 Europe/Berlin] [DEBUG] Routing - Processed Path: /api/ipd-billing-master, Method: GET
[01-Aug-2026 07:02:49 Europe/Berlin] [DEBUG] Routing - Processed Path: /api/ipd-billing-items, Method: GET
[01-Aug-2026 07:02:49 Europe/Berlin] [DEBUG] Routing - Processed Path: /api/ipd-payment, Method: GET
[01-Aug-2026 07:03:01 Europe/Berlin] [DEBUG] Routing - Processed Path: /api/ipd-billing-master, Method: GET
[01-Aug-2026 07:03:01 Europe/Berlin] [DEBUG] Routing - Processed Path: /api/ipd-billing-items, Method: GET
[01-Aug-2026 07:03:01 Europe/Berlin] [DEBUG] Routing - Processed Path: /api/ipd-payment, Method: GET
[01-Aug-2026 07:03:13 Europe/Berlin] [DEBUG] Routing - Processed Path: /api/ipd-billing-master, Method: GET
[01-Aug-2026 07:03:13 Europe/Berlin] [DEBUG] Routing - Processed Path: /api/ipd-billing-items, Method: GET
[01-Aug-2026 07:03:13 Europe/Berlin] [DEBUG] Routing - Processed Path: /api/ipd-payment, Method: GET
[01-Aug-2026 07:06:37 Europe/Berlin] [DEBUG] Routing - Processed Path: /api/ipd-billing-master, Method: GET
[01-Aug-2026 07:06:39 Europe/Berlin] [DEBUG] Routing - Processed Path: /api/ipd-billing-master, Method: GET
[01-Aug-2026 07:06:41 Europe/Berlin] [DEBUG] Routing - Processed Path: /api/ipd-billing-master, Method: POST
[01-Aug-2026 07:06:41 Europe/Berlin] [DEBUG] Routing - Processed Path: /api/ipd-billing-items, Method: GET
[01-Aug-2026 07:06:41 Europe/Berlin] [DEBUG] Routing - Processed Path: /api/ipd-payment, Method: GET
[01-Aug-2026 07:06:49 Europe/Berlin] [DEBUG] Routing - Processed Path: /api/ipd-billing-master, Method: GET
[01-Aug-2026 07:06:49 Europe/Berlin] [DEBUG] Routing - Processed Path: /api/ipd-billing-items, Method: GET
[01-Aug-2026 07:06:49 Europe/Berlin] [DEBUG] Routing - Processed Path: /api/ipd-payment, Method: GET
[01-Aug-2026 07:07:32 Europe/Berlin] [DEBUG] Routing - Processed Path: /api/admin/dashboard-summary, Method: GET
[01-Aug-2026 07:07:32 Europe/Berlin] [DEBUG] Routing - Processed Path: /api/admin/bed-availability, Method: GET
[01-Aug-2026 07:07:32 Europe/Berlin] Controller exception: Query preparation failed: Unknown column 'ward_type' in 'field list'. Query: SELECT 
                        ward_name,
                        ward_type,
                        room_name,
                        room_category,
                        COUNT(*) as total_beds,
                        SUM(CASE WHEN bed_status = 'Occupied' THEN 1 ELSE 0 END) as occupied_beds,
                        SUM(CASE WHEN bed_status = 'Available' THEN 1 ELSE 0 END) as available_beds,
                        SUM(CASE WHEN bed_status = 'Blocked' THEN 1 ELSE 0 END) as blocked_beds,
                        SUM(CASE WHEN bed_status = 'Maintenance' THEN 1 ELSE 0 END) as maintenance_beds
                    FROM hospital_beds
                    GROUP BY ward_name, ward_type, room_name, room_category
                    ORDER BY ward_name, room_name
[01-Aug-2026 07:07:32 Europe/Berlin] Audit [error]: Query preparation failed: Unknown column 'ward_type' in 'field list'. Query: SELECT 
                        ward_name,
                        ward_type,
                        room_name,
                        room_category,
                        COUNT(*) as total_beds,
                        SUM(CASE WHEN bed_status = 'Occupied' THEN 1 ELSE 0 END) as occupied_beds,
                        SUM(CASE WHEN bed_status = 'Available' THEN 1 ELSE 0 END) as available_beds,
                        SUM(CASE WHEN bed_status = 'Blocked' THEN 1 ELSE 0 END) as blocked_beds,
                        SUM(CASE WHEN bed_status = 'Maintenance' THEN 1 ELSE 0 END) as maintenance_beds
                    FROM hospital_beds
                    GROUP BY ward_name, ward_type, room_name, room_category
                    ORDER BY ward_name, room_name {"trace":"#0 D:\\xampp\\htdocs\\GM_HMS\\Database\\SecureDatabase.php(147): GM_HMS\\Database\\SecureDatabase->execute('SELECT \\r\\n      ...', Array, NULL)\n#1 D:\\xampp\\htdocs\\GM_HMS\\controler\\api\\AdminInfoController.php(292): GM_HMS\\Database\\SecureDatabase->fetchAll('SELECT \\r\\n      ...')\n#2 D:\\xampp\\htdocs\\GM_HMS\\api\\index.php(458): GM_HMS\\Controllers\\api\\AdminInfoController->getBedAvailability()\n#3 {main}"}
[01-Aug-2026 07:07:32 Europe/Berlin] [DEBUG] Routing - Processed Path: /api/admin/analytics, Method: GET
[01-Aug-2026 07:07:32 Europe/Berlin] [DEBUG] Routing - Processed Path: /api/admin/active-departments, Method: GET
[01-Aug-2026 07:07:35 Europe/Berlin] [DEBUG] Routing - Processed Path: /api/ipd-billing-master, Method: GET
[01-Aug-2026 07:07:40 Europe/Berlin] [DEBUG] Routing - Processed Path: /api/ipd-billing-master, Method: GET
[01-Aug-2026 07:07:41 Europe/Berlin] [DEBUG] Routing - Processed Path: /api/ipd-billing-master, Method: POST
[01-Aug-2026 07:07:41 Europe/Berlin] [DEBUG] Routing - Processed Path: /api/ipd-billing-items, Method: GET
[01-Aug-2026 07:07:41 Europe/Berlin] [DEBUG] Routing - Processed Path: /api/ipd-payment, Method: GET
[01-Aug-2026 07:07:50 Europe/Berlin] [DEBUG] Routing - Processed Path: /api/ipd-billing-master, Method: GET
[01-Aug-2026 07:07:50 Europe/Berlin] [DEBUG] Routing - Processed Path: /api/ipd-billing-items, Method: GET
[01-Aug-2026 07:07:50 Europe/Berlin] [DEBUG] Routing - Processed Path: /api/ipd-payment, Method: GET
[01-Aug-2026 07:08:23 Europe/Berlin] [DEBUG] Routing - Processed Path: /api/admin/dashboard-summary, Method: GET
[01-Aug-2026 07:08:24 Europe/Berlin] [DEBUG] Routing - Processed Path: /api/admin/bed-availability, Method: GET
[01-Aug-2026 07:08:24 Europe/Berlin] Controller exception: Query preparation failed: Unknown column 'ward_type' in 'field list'. Query: SELECT 
                        ward_name,
                        ward_type,
                        room_name,
                        room_category,
                        COUNT(*) as total_beds,
                        SUM(CASE WHEN bed_status = 'Occupied' THEN 1 ELSE 0 END) as occupied_beds,
                        SUM(CASE WHEN bed_status = 'Available' THEN 1 ELSE 0 END) as available_beds,
                        SUM(CASE WHEN bed_status = 'Blocked' THEN 1 ELSE 0 END) as blocked_beds,
                        SUM(CASE WHEN bed_status = 'Maintenance' THEN 1 ELSE 0 END) as maintenance_beds
                    FROM hospital_beds
                    GROUP BY ward_name, ward_type, room_name, room_category
                    ORDER BY ward_name, room_name
[01-Aug-2026 07:08:24 Europe/Berlin] Audit [error]: Query preparation failed: Unknown column 'ward_type' in 'field list'. Query: SELECT 
                        ward_name,
                        ward_type,
                        room_name,
                        room_category,
                        COUNT(*) as total_beds,
                        SUM(CASE WHEN bed_status = 'Occupied' THEN 1 ELSE 0 END) as occupied_beds,
                        SUM(CASE WHEN bed_status = 'Available' THEN 1 ELSE 0 END) as available_beds,
                        SUM(CASE WHEN bed_status = 'Blocked' THEN 1 ELSE 0 END) as blocked_beds,
                        SUM(CASE WHEN bed_status = 'Maintenance' THEN 1 ELSE 0 END) as maintenance_beds
                    FROM hospital_beds
                    GROUP BY ward_name, ward_type, room_name, room_category
                    ORDER BY ward_name, room_name {"trace":"#0 D:\\xampp\\htdocs\\GM_HMS\\Database\\SecureDatabase.php(147): GM_HMS\\Database\\SecureDatabase->execute('SELECT \\r\\n      ...', Array, NULL)\n#1 D:\\xampp\\htdocs\\GM_HMS\\controler\\api\\AdminInfoController.php(292): GM_HMS\\Database\\SecureDatabase->fetchAll('SELECT \\r\\n      ...')\n#2 D:\\xampp\\htdocs\\GM_HMS\\api\\index.php(458): GM_HMS\\Controllers\\api\\AdminInfoController->getBedAvailability()\n#3 {main}"}
[01-Aug-2026 07:08:24 Europe/Berlin] [DEBUG] Routing - Processed Path: /api/admin/analytics, Method: GET
[01-Aug-2026 07:08:24 Europe/Berlin] [DEBUG] Routing - Processed Path: /api/admin/active-departments, Method: GET
[01-Aug-2026 07:08:26 Europe/Berlin] [DEBUG] Routing - Processed Path: /api/ipd-billing-master, Method: GET
[01-Aug-2026 07:14:12 Europe/Berlin] [DEBUG] Routing - Processed Path: /api/ipd-billing-master, Method: GET
[01-Aug-2026 07:14:24 Europe/Berlin] [DEBUG] Routing - Processed Path: /api/ipd-billing-master, Method: POST
[01-Aug-2026 07:14:25 Europe/Berlin] [DEBUG] Routing - Processed Path: /api/ipd-billing-items, Method: GET
[01-Aug-2026 07:14:25 Europe/Berlin] [DEBUG] Routing - Processed Path: /api/ipd-payment, Method: GET
[01-Aug-2026 07:14:32 Europe/Berlin] [DEBUG] Routing - Processed Path: /api/admin/dashboard-summary, Method: GET
[01-Aug-2026 07:14:32 Europe/Berlin] [DEBUG] Routing - Processed Path: /api/admin/bed-availability, Method: GET
[01-Aug-2026 07:14:32 Europe/Berlin] Controller exception: Query preparation failed: Unknown column 'ward_type' in 'field list'. Query: SELECT 
                        ward_name,
                        ward_type,
                        room_name,
                        room_category,
                        COUNT(*) as total_beds,
                        SUM(CASE WHEN bed_status = 'Occupied' THEN 1 ELSE 0 END) as occupied_beds,
                        SUM(CASE WHEN bed_status = 'Available' THEN 1 ELSE 0 END) as available_beds,
                        SUM(CASE WHEN bed_status = 'Blocked' THEN 1 ELSE 0 END) as blocked_beds,
                        SUM(CASE WHEN bed_status = 'Maintenance' THEN 1 ELSE 0 END) as maintenance_beds
                    FROM hospital_beds
                    GROUP BY ward_name, ward_type, room_name, room_category
                    ORDER BY ward_name, room_name
[01-Aug-2026 07:14:32 Europe/Berlin] Audit [error]: Query preparation failed: Unknown column 'ward_type' in 'field list'. Query: SELECT 
                        ward_name,
                        ward_type,
                        room_name,
                        room_category,
                        COUNT(*) as total_beds,
                        SUM(CASE WHEN bed_status = 'Occupied' THEN 1 ELSE 0 END) as occupied_beds,
                        SUM(CASE WHEN bed_status = 'Available' THEN 1 ELSE 0 END) as available_beds,
                        SUM(CASE WHEN bed_status = 'Blocked' THEN 1 ELSE 0 END) as blocked_beds,
                        SUM(CASE WHEN bed_status = 'Maintenance' THEN 1 ELSE 0 END) as maintenance_beds
                    FROM hospital_beds
                    GROUP BY ward_name, ward_type, room_name, room_category
                    ORDER BY ward_name, room_name {"trace":"#0 D:\\xampp\\htdocs\\GM_HMS\\Database\\SecureDatabase.php(147): GM_HMS\\Database\\SecureDatabase->execute('SELECT \\r\\n      ...', Array, NULL)\n#1 D:\\xampp\\htdocs\\GM_HMS\\controler\\api\\AdminInfoController.php(292): GM_HMS\\Database\\SecureDatabase->fetchAll('SELECT \\r\\n      ...')\n#2 D:\\xampp\\htdocs\\GM_HMS\\api\\index.php(458): GM_HMS\\Controllers\\api\\AdminInfoController->getBedAvailability()\n#3 {main}"}
[01-Aug-2026 07:14:32 Europe/Berlin] [DEBUG] Routing - Processed Path: /api/admin/analytics, Method: GET
[01-Aug-2026 07:14:32 Europe/Berlin] [DEBUG] Routing - Processed Path: /api/admin/active-departments, Method: GET
[01-Aug-2026 07:14:35 Europe/Berlin] [DEBUG] Routing - Processed Path: /api/ipd-billing-master, Method: GET
[01-Aug-2026 07:22:26 Europe/Berlin] [DEBUG] Routing - Processed Path: /api/ipd-billing-master, Method: GET
[01-Aug-2026 07:22:31 Europe/Berlin] [DEBUG] Routing - Processed Path: /api/ipd-billing-master, Method: GET
[01-Aug-2026 07:25:43 Europe/Berlin] [DEBUG] Routing - Processed Path: /api/ipd-billing-master, Method: GET
[01-Aug-2026 07:33:06 Europe/Berlin] [DEBUG] Routing - Processed Path: /api/ipd-billing-master, Method: GET
[01-Aug-2026 07:33:45 Europe/Berlin] [DEBUG] Routing - Processed Path: /api/ipd-billing-master, Method: POST
[01-Aug-2026 07:33:45 Europe/Berlin] [DEBUG] Routing - Processed Path: /api/ipd-billing-items, Method: GET
[01-Aug-2026 07:33:45 Europe/Berlin] [DEBUG] Routing - Processed Path: /api/ipd-payment, Method: GET
[01-Aug-2026 07:33:53 Europe/Berlin] [DEBUG] Routing - Processed Path: /api/admin/dashboard-summary, Method: GET
[01-Aug-2026 07:33:53 Europe/Berlin] [DEBUG] Routing - Processed Path: /api/admin/bed-availability, Method: GET
[01-Aug-2026 07:33:53 Europe/Berlin] Controller exception: Query preparation failed: Unknown column 'ward_type' in 'field list'. Query: SELECT 
                        ward_name,
                        ward_type,
                        room_name,
                        room_category,
                        COUNT(*) as total_beds,
                        SUM(CASE WHEN bed_status = 'Occupied' THEN 1 ELSE 0 END) as occupied_beds,
                        SUM(CASE WHEN bed_status = 'Available' THEN 1 ELSE 0 END) as available_beds,
                        SUM(CASE WHEN bed_status = 'Blocked' THEN 1 ELSE 0 END) as blocked_beds,
                        SUM(CASE WHEN bed_status = 'Maintenance' THEN 1 ELSE 0 END) as maintenance_beds
                    FROM hospital_beds
                    GROUP BY ward_name, ward_type, room_name, room_category
                    ORDER BY ward_name, room_name
[01-Aug-2026 07:33:53 Europe/Berlin] Audit [error]: Query preparation failed: Unknown column 'ward_type' in 'field list'. Query: SELECT 
                        ward_name,
                        ward_type,
                        room_name,
                        room_category,
                        COUNT(*) as total_beds,
                        SUM(CASE WHEN bed_status = 'Occupied' THEN 1 ELSE 0 END) as occupied_beds,
                        SUM(CASE WHEN bed_status = 'Available' THEN 1 ELSE 0 END) as available_beds,
                        SUM(CASE WHEN bed_status = 'Blocked' THEN 1 ELSE 0 END) as blocked_beds,
                        SUM(CASE WHEN bed_status = 'Maintenance' THEN 1 ELSE 0 END) as maintenance_beds
                    FROM hospital_beds
                    GROUP BY ward_name, ward_type, room_name, room_category
                    ORDER BY ward_name, room_name {"trace":"#0 D:\\xampp\\htdocs\\GM_HMS\\Database\\SecureDatabase.php(147): GM_HMS\\Database\\SecureDatabase->execute('SELECT \\r\\n      ...', Array, NULL)\n#1 D:\\xampp\\htdocs\\GM_HMS\\controler\\api\\AdminInfoController.php(292): GM_HMS\\Database\\SecureDatabase->fetchAll('SELECT \\r\\n      ...')\n#2 D:\\xampp\\htdocs\\GM_HMS\\api\\index.php(458): GM_HMS\\Controllers\\api\\AdminInfoController->getBedAvailability()\n#3 {main}"}
[01-Aug-2026 07:33:53 Europe/Berlin] [DEBUG] Routing - Processed Path: /api/admin/active-departments, Method: GET
[01-Aug-2026 07:33:53 Europe/Berlin] [DEBUG] Routing - Processed Path: /api/admin/analytics, Method: GET
[01-Aug-2026 07:33:56 Europe/Berlin] [DEBUG] Routing - Processed Path: /api/ipd-billing-master, Method: GET
[01-Aug-2026 07:39:12 Europe/Berlin] [DEBUG] Routing - Processed Path: /api/ipd-billing-master, Method: GET
[01-Aug-2026 07:39:14 Europe/Berlin] [DEBUG] Routing - Processed Path: /api/ipd-billing-master, Method: POST
[01-Aug-2026 07:39:15 Europe/Berlin] [DEBUG] Routing - Processed Path: /api/ipd-billing-items, Method: GET
[01-Aug-2026 07:39:15 Europe/Berlin] [DEBUG] Routing - Processed Path: /api/ipd-payment, Method: GET
[01-Aug-2026 07:39:23 Europe/Berlin] [DEBUG] Routing - Processed Path: /api/ipd-billing-master, Method: GET
[01-Aug-2026 07:39:25 Europe/Berlin] [DEBUG] Routing - Processed Path: /api/ipd-billing-master, Method: POST
[01-Aug-2026 07:39:25 Europe/Berlin] [DEBUG] Routing - Processed Path: /api/ipd-billing-items, Method: GET
[01-Aug-2026 07:39:25 Europe/Berlin] [DEBUG] Routing - Processed Path: /api/ipd-payment, Method: GET
[01-Aug-2026 07:39:32 Europe/Berlin] [DEBUG] Routing - Processed Path: /api/ipd-billing-master, Method: GET
[01-Aug-2026 07:40:49 Europe/Berlin] [DEBUG] Routing - Processed Path: /api/ipd-billing-master, Method: POST
[01-Aug-2026 07:40:49 Europe/Berlin] [DEBUG] Routing - Processed Path: /api/ipd-billing-items, Method: GET
[01-Aug-2026 07:40:49 Europe/Berlin] [DEBUG] Routing - Processed Path: /api/ipd-payment, Method: GET
[01-Aug-2026 07:40:57 Europe/Berlin] [DEBUG] Routing - Processed Path: /api/ipd-billing-master, Method: GET
[01-Aug-2026 07:42:30 Europe/Berlin] [DEBUG] Routing - Processed Path: /api/ipd-billing-master, Method: GET
[01-Aug-2026 07:49:18 Europe/Berlin] [DEBUG] Routing - Processed Path: /api/ipd-billing-master, Method: GET
[01-Aug-2026 07:49:45 Europe/Berlin] [DEBUG] Routing - Processed Path: /api/auth/login, Method: POST
[01-Aug-2026 07:49:45 Europe/Berlin] [DEBUG] AuthController::login hit
[01-Aug-2026 07:49:46 Europe/Berlin] Audit [info]: User shalini logged in as Receptionist []
[01-Aug-2026 07:50:45 Europe/Berlin] [DEBUG] Routing - Processed Path: /api/auth/login, Method: POST
[01-Aug-2026 07:50:45 Europe/Berlin] [DEBUG] AuthController::login hit
[01-Aug-2026 07:50:45 Europe/Berlin] Audit [info]: User nethra logged in as admin []
[01-Aug-2026 07:50:48 Europe/Berlin] [DEBUG] Routing - Processed Path: /api/admin/dashboard-summary, Method: GET
[01-Aug-2026 07:50:48 Europe/Berlin] [DEBUG] Routing - Processed Path: /api/admin/bed-availability, Method: GET
[01-Aug-2026 07:50:48 Europe/Berlin] Controller exception: Query preparation failed: Unknown column 'ward_type' in 'field list'. Query: SELECT 
                        ward_name,
                        ward_type,
                        room_name,
                        room_category,
                        COUNT(*) as total_beds,
                        SUM(CASE WHEN bed_status = 'Occupied' THEN 1 ELSE 0 END) as occupied_beds,
                        SUM(CASE WHEN bed_status = 'Available' THEN 1 ELSE 0 END) as available_beds,
                        SUM(CASE WHEN bed_status = 'Blocked' THEN 1 ELSE 0 END) as blocked_beds,
                        SUM(CASE WHEN bed_status = 'Maintenance' THEN 1 ELSE 0 END) as maintenance_beds
                    FROM hospital_beds
                    GROUP BY ward_name, ward_type, room_name, room_category
                    ORDER BY ward_name, room_name
[01-Aug-2026 07:50:48 Europe/Berlin] Audit [error]: Query preparation failed: Unknown column 'ward_type' in 'field list'. Query: SELECT 
                        ward_name,
                        ward_type,
                        room_name,
                        room_category,
                        COUNT(*) as total_beds,
                        SUM(CASE WHEN bed_status = 'Occupied' THEN 1 ELSE 0 END) as occupied_beds,
                        SUM(CASE WHEN bed_status = 'Available' THEN 1 ELSE 0 END) as available_beds,
                        SUM(CASE WHEN bed_status = 'Blocked' THEN 1 ELSE 0 END) as blocked_beds,
                        SUM(CASE WHEN bed_status = 'Maintenance' THEN 1 ELSE 0 END) as maintenance_beds
                    FROM hospital_beds
                    GROUP BY ward_name, ward_type, room_name, room_category
                    ORDER BY ward_name, room_name {"trace":"#0 D:\\xampp\\htdocs\\GM_HMS\\Database\\SecureDatabase.php(147): GM_HMS\\Database\\SecureDatabase->execute('SELECT \\r\\n      ...', Array, NULL)\n#1 D:\\xampp\\htdocs\\GM_HMS\\controler\\api\\AdminInfoController.php(292): GM_HMS\\Database\\SecureDatabase->fetchAll('SELECT \\r\\n      ...')\n#2 D:\\xampp\\htdocs\\GM_HMS\\api\\index.php(458): GM_HMS\\Controllers\\api\\AdminInfoController->getBedAvailability()\n#3 {main}"}
[01-Aug-2026 07:50:48 Europe/Berlin] [DEBUG] Routing - Processed Path: /api/admin/active-departments, Method: GET
[01-Aug-2026 07:50:48 Europe/Berlin] [DEBUG] Routing - Processed Path: /api/admin/analytics, Method: GET
[01-Aug-2026 07:52:14 Europe/Berlin] [DEBUG] Routing - Processed Path: /api/admin/dashboard-summary, Method: GET
[01-Aug-2026 07:52:14 Europe/Berlin] [DEBUG] Routing - Processed Path: /api/admin/bed-availability, Method: GET
[01-Aug-2026 07:52:14 Europe/Berlin] Controller exception: Query preparation failed: Unknown column 'ward_type' in 'field list'. Query: SELECT 
                        ward_name,
                        ward_type,
                        room_name,
                        room_category,
                        COUNT(*) as total_beds,
                        SUM(CASE WHEN bed_status = 'Occupied' THEN 1 ELSE 0 END) as occupied_beds,
                        SUM(CASE WHEN bed_status = 'Available' THEN 1 ELSE 0 END) as available_beds,
                        SUM(CASE WHEN bed_status = 'Blocked' THEN 1 ELSE 0 END) as blocked_beds,
                        SUM(CASE WHEN bed_status = 'Maintenance' THEN 1 ELSE 0 END) as maintenance_beds
                    FROM hospital_beds
                    GROUP BY ward_name, ward_type, room_name, room_category
                    ORDER BY ward_name, room_name
[01-Aug-2026 07:52:14 Europe/Berlin] Audit [error]: Query preparation failed: Unknown column 'ward_type' in 'field list'. Query: SELECT 
                        ward_name,
                        ward_type,
                        room_name,
                        room_category,
                        COUNT(*) as total_beds,
                        SUM(CASE WHEN bed_status = 'Occupied' THEN 1 ELSE 0 END) as occupied_beds,
                        SUM(CASE WHEN bed_status = 'Available' THEN 1 ELSE 0 END) as available_beds,
                        SUM(CASE WHEN bed_status = 'Blocked' THEN 1 ELSE 0 END) as blocked_beds,
                        SUM(CASE WHEN bed_status = 'Maintenance' THEN 1 ELSE 0 END) as maintenance_beds
                    FROM hospital_beds
                    GROUP BY ward_name, ward_type, room_name, room_category
                    ORDER BY ward_name, room_name {"trace":"#0 D:\\xampp\\htdocs\\GM_HMS\\Database\\SecureDatabase.php(147): GM_HMS\\Database\\SecureDatabase->execute('SELECT \\r\\n      ...', Array, NULL)\n#1 D:\\xampp\\htdocs\\GM_HMS\\controler\\api\\AdminInfoController.php(292): GM_HMS\\Database\\SecureDatabase->fetchAll('SELECT \\r\\n      ...')\n#2 D:\\xampp\\htdocs\\GM_HMS\\api\\index.php(458): GM_HMS\\Controllers\\api\\AdminInfoController->getBedAvailability()\n#3 {main}"}
[01-Aug-2026 07:52:14 Europe/Berlin] [DEBUG] Routing - Processed Path: /api/admin/active-departments, Method: GET
[01-Aug-2026 07:52:14 Europe/Berlin] [DEBUG] Routing - Processed Path: /api/admin/analytics, Method: GET
[01-Aug-2026 07:52:26 Europe/Berlin] [DEBUG] Routing - Processed Path: /api/admin/dashboard-summary, Method: GET
[01-Aug-2026 07:52:26 Europe/Berlin] [DEBUG] Routing - Processed Path: /api/admin/bed-availability, Method: GET
[01-Aug-2026 07:52:26 Europe/Berlin] Controller exception: Query preparation failed: Unknown column 'ward_type' in 'field list'. Query: SELECT 
                        ward_name,
                        ward_type,
                        room_name,
                        room_category,
                        COUNT(*) as total_beds,
                        SUM(CASE WHEN bed_status = 'Occupied' THEN 1 ELSE 0 END) as occupied_beds,
                        SUM(CASE WHEN bed_status = 'Available' THEN 1 ELSE 0 END) as available_beds,
                        SUM(CASE WHEN bed_status = 'Blocked' THEN 1 ELSE 0 END) as blocked_beds,
                        SUM(CASE WHEN bed_status = 'Maintenance' THEN 1 ELSE 0 END) as maintenance_beds
                    FROM hospital_beds
                    GROUP BY ward_name, ward_type, room_name, room_category
                    ORDER BY ward_name, room_name
[01-Aug-2026 07:52:26 Europe/Berlin] Audit [error]: Query preparation failed: Unknown column 'ward_type' in 'field list'. Query: SELECT 
                        ward_name,
                        ward_type,
                        room_name,
                        room_category,
                        COUNT(*) as total_beds,
                        SUM(CASE WHEN bed_status = 'Occupied' THEN 1 ELSE 0 END) as occupied_beds,
                        SUM(CASE WHEN bed_status = 'Available' THEN 1 ELSE 0 END) as available_beds,
                        SUM(CASE WHEN bed_status = 'Blocked' THEN 1 ELSE 0 END) as blocked_beds,
                        SUM(CASE WHEN bed_status = 'Maintenance' THEN 1 ELSE 0 END) as maintenance_beds
                    FROM hospital_beds
                    GROUP BY ward_name, ward_type, room_name, room_category
                    ORDER BY ward_name, room_name {"trace":"#0 D:\\xampp\\htdocs\\GM_HMS\\Database\\SecureDatabase.php(147): GM_HMS\\Database\\SecureDatabase->execute('SELECT \\r\\n      ...', Array, NULL)\n#1 D:\\xampp\\htdocs\\GM_HMS\\controler\\api\\AdminInfoController.php(292): GM_HMS\\Database\\SecureDatabase->fetchAll('SELECT \\r\\n      ...')\n#2 D:\\xampp\\htdocs\\GM_HMS\\api\\index.php(458): GM_HMS\\Controllers\\api\\AdminInfoController->getBedAvailability()\n#3 {main}"}
[01-Aug-2026 07:52:26 Europe/Berlin] [DEBUG] Routing - Processed Path: /api/admin/active-departments, Method: GET
[01-Aug-2026 07:52:26 Europe/Berlin] [DEBUG] Routing - Processed Path: /api/admin/analytics, Method: GET
[01-Aug-2026 07:54:56 Europe/Berlin] [DEBUG] Routing - Processed Path: /api/admin/dashboard-summary, Method: GET
[01-Aug-2026 07:54:56 Europe/Berlin] [DEBUG] Routing - Processed Path: /api/admin/bed-availability, Method: GET
[01-Aug-2026 07:54:56 Europe/Berlin] Controller exception: Query preparation failed: Unknown column 'ward_type' in 'field list'. Query: SELECT 
                        ward_name,
                        ward_type,
                        room_name,
                        room_category,
                        COUNT(*) as total_beds,
                        SUM(CASE WHEN bed_status = 'Occupied' THEN 1 ELSE 0 END) as occupied_beds,
                        SUM(CASE WHEN bed_status = 'Available' THEN 1 ELSE 0 END) as available_beds,
                        SUM(CASE WHEN bed_status = 'Blocked' THEN 1 ELSE 0 END) as blocked_beds,
                        SUM(CASE WHEN bed_status = 'Maintenance' THEN 1 ELSE 0 END) as maintenance_beds
                    FROM hospital_beds
                    GROUP BY ward_name, ward_type, room_name, room_category
                    ORDER BY ward_name, room_name
[01-Aug-2026 07:54:56 Europe/Berlin] Audit [error]: Query preparation failed: Unknown column 'ward_type' in 'field list'. Query: SELECT 
                        ward_name,
                        ward_type,
                        room_name,
                        room_category,
                        COUNT(*) as total_beds,
                        SUM(CASE WHEN bed_status = 'Occupied' THEN 1 ELSE 0 END) as occupied_beds,
                        SUM(CASE WHEN bed_status = 'Available' THEN 1 ELSE 0 END) as available_beds,
                        SUM(CASE WHEN bed_status = 'Blocked' THEN 1 ELSE 0 END) as blocked_beds,
                        SUM(CASE WHEN bed_status = 'Maintenance' THEN 1 ELSE 0 END) as maintenance_beds
                    FROM hospital_beds
                    GROUP BY ward_name, ward_type, room_name, room_category
                    ORDER BY ward_name, room_name {"trace":"#0 D:\\xampp\\htdocs\\GM_HMS\\Database\\SecureDatabase.php(147): GM_HMS\\Database\\SecureDatabase->execute('SELECT \\r\\n      ...', Array, NULL)\n#1 D:\\xampp\\htdocs\\GM_HMS\\controler\\api\\AdminInfoController.php(292): GM_HMS\\Database\\SecureDatabase->fetchAll('SELECT \\r\\n      ...')\n#2 D:\\xampp\\htdocs\\GM_HMS\\api\\index.php(458): GM_HMS\\Controllers\\api\\AdminInfoController->getBedAvailability()\n#3 {main}"}
[01-Aug-2026 07:54:56 Europe/Berlin] [DEBUG] Routing - Processed Path: /api/admin/active-departments, Method: GET
[01-Aug-2026 07:54:56 Europe/Berlin] [DEBUG] Routing - Processed Path: /api/admin/analytics, Method: GET
[01-Aug-2026 07:55:58 Europe/Berlin] [DEBUG] Routing - Processed Path: /api/admin/dashboard-summary, Method: GET
[01-Aug-2026 07:55:58 Europe/Berlin] [DEBUG] Routing - Processed Path: /api/admin/bed-availability, Method: GET
[01-Aug-2026 07:55:58 Europe/Berlin] Controller exception: Query preparation failed: Unknown column 'ward_type' in 'field list'. Query: SELECT 
                        ward_name,
                        ward_type,
                        room_name,
                        room_category,
                        COUNT(*) as total_beds,
                        SUM(CASE WHEN bed_status = 'Occupied' THEN 1 ELSE 0 END) as occupied_beds,
                        SUM(CASE WHEN bed_status = 'Available' THEN 1 ELSE 0 END) as available_beds,
                        SUM(CASE WHEN bed_status = 'Blocked' THEN 1 ELSE 0 END) as blocked_beds,
                        SUM(CASE WHEN bed_status = 'Maintenance' THEN 1 ELSE 0 END) as maintenance_beds
                    FROM hospital_beds
                    GROUP BY ward_name, ward_type, room_name, room_category
                    ORDER BY ward_name, room_name
[01-Aug-2026 07:55:58 Europe/Berlin] Audit [error]: Query preparation failed: Unknown column 'ward_type' in 'field list'. Query: SELECT 
                        ward_name,
                        ward_type,
                        room_name,
                        room_category,
                        COUNT(*) as total_beds,
                        SUM(CASE WHEN bed_status = 'Occupied' THEN 1 ELSE 0 END) as occupied_beds,
                        SUM(CASE WHEN bed_status = 'Available' THEN 1 ELSE 0 END) as available_beds,
                        SUM(CASE WHEN bed_status = 'Blocked' THEN 1 ELSE 0 END) as blocked_beds,
                        SUM(CASE WHEN bed_status = 'Maintenance' THEN 1 ELSE 0 END) as maintenance_beds
                    FROM hospital_beds
                    GROUP BY ward_name, ward_type, room_name, room_category
                    ORDER BY ward_name, room_name {"trace":"#0 D:\\xampp\\htdocs\\GM_HMS\\Database\\SecureDatabase.php(147): GM_HMS\\Database\\SecureDatabase->execute('SELECT \\r\\n      ...', Array, NULL)\n#1 D:\\xampp\\htdocs\\GM_HMS\\controler\\api\\AdminInfoController.php(292): GM_HMS\\Database\\SecureDatabase->fetchAll('SELECT \\r\\n      ...')\n#2 D:\\xampp\\htdocs\\GM_HMS\\api\\index.php(458): GM_HMS\\Controllers\\api\\AdminInfoController->getBedAvailability()\n#3 {main}"}
[01-Aug-2026 07:55:58 Europe/Berlin] [DEBUG] Routing - Processed Path: /api/admin/analytics, Method: GET
[01-Aug-2026 07:55:58 Europe/Berlin] [DEBUG] Routing - Processed Path: /api/admin/active-departments, Method: GET
[01-Aug-2026 07:56:06 Europe/Berlin] [DEBUG] Routing - Processed Path: /api/index.php/api/billing/opd/stats, Method: GET
[01-Aug-2026 07:56:06 Europe/Berlin] [DEBUG] Routing - Processed Path: /api/index.php/api/billing/opd, Method: GET
[01-Aug-2026 07:56:11 Europe/Berlin] [DEBUG] Routing - Processed Path: /api/index.php/api/billing/opd/OPB-20260731-0001, Method: GET
[01-Aug-2026 07:58:36 Europe/Berlin] [DEBUG] Routing - Processed Path: /api/index.php/api/billing/opd/stats, Method: GET
[01-Aug-2026 07:58:37 Europe/Berlin] [DEBUG] Routing - Processed Path: /api/index.php/api/billing/opd, Method: GET
[01-Aug-2026 08:20:52 Europe/Berlin] [DEBUG] Routing - Processed Path: /api/index.php/api/billing/opd/stats, Method: GET
[01-Aug-2026 08:20:52 Europe/Berlin] [DEBUG] Routing - Processed Path: /api/index.php/api/billing/opd, Method: GET
[01-Aug-2026 08:21:05 Europe/Berlin] [DEBUG] Routing - Processed Path: /api/index.php/api/billing/opd/OPB-20260731-0001, Method: GET
[01-Aug-2026 08:21:19 Europe/Berlin] [DEBUG] Routing - Processed Path: /api/index.php/api/billing/opd/stats, Method: GET
[01-Aug-2026 08:21:22 Europe/Berlin] [DEBUG] Routing - Processed Path: /api/index.php/api/billing/opd, Method: GET
[01-Aug-2026 08:29:11 Europe/Berlin] [DEBUG] Routing - Processed Path: /api/index.php/api/billing/opd/stats, Method: GET
[01-Aug-2026 08:29:11 Europe/Berlin] [DEBUG] Routing - Processed Path: /api/index.php/api/billing/opd, Method: GET
[01-Aug-2026 08:29:12 Europe/Berlin] [DEBUG] Routing - Processed Path: /api/index.php/api/billing/opd, Method: GET
[01-Aug-2026 08:29:12 Europe/Berlin] [DEBUG] Routing - Processed Path: /api/index.php/api/billing/opd/stats, Method: GET
[01-Aug-2026 08:29:22 Europe/Berlin] [DEBUG] Routing - Processed Path: /api/index.php/api/billing/opd/stats, Method: GET
[01-Aug-2026 08:33:58 Europe/Berlin] [DEBUG] Routing - Processed Path: /api/index.php/api/billing/opd/stats, Method: GET
[01-Aug-2026 08:33:59 Europe/Berlin] [DEBUG] Routing - Processed Path: /api/index.php/api/billing/opd, Method: GET
[01-Aug-2026 08:34:44 Europe/Berlin] [DEBUG] Routing - Processed Path: /api/index.php/api/billing/opd, Method: GET
[01-Aug-2026 08:34:44 Europe/Berlin] [DEBUG] Routing - Processed Path: /api/index.php/api/billing/opd/stats, Method: GET
[01-Aug-2026 08:37:09 Europe/Berlin] [DEBUG] Routing - Processed Path: /api/index.php/api/billing/opd/stats, Method: GET
[01-Aug-2026 08:37:09 Europe/Berlin] [DEBUG] Routing - Processed Path: /api/index.php/api/billing/opd, Method: GET
[01-Aug-2026 08:48:43 Europe/Berlin] [DEBUG] Routing - Processed Path: /api/billing/opd/analytics, Method: GET
[01-Aug-2026 08:50:26 Europe/Berlin] [DEBUG] Routing - Processed Path: /api/index.php/api/billing/opd, Method: GET
[01-Aug-2026 08:50:26 Europe/Berlin] [DEBUG] Routing - Processed Path: /api/index.php/api/billing/opd/stats, Method: GET
[01-Aug-2026 08:50:28 Europe/Berlin] [DEBUG] Routing - Processed Path: /api/index.php/api/billing/opd/analytics, Method: GET
[01-Aug-2026 08:50:28 Europe/Berlin] PHP Fatal error:  Uncaught Error: Call to undefined method GM_HMS\Database\SecureDatabase::fetch() in D:\xampp\htdocs\GM_HMS\models\OpdBillingModel.php:712
Stack trace:
#0 D:\xampp\htdocs\GM_HMS\controler\api\OpdBillingController.php(546): GM_HMS\Models\OpdBillingModel->getAnalyticsData(Array)
#1 D:\xampp\htdocs\GM_HMS\api\index.php(459): GM_HMS\Controllers\api\OpdBillingController->getOpdAnalytics()
#2 {main}
  thrown in D:\xampp\htdocs\GM_HMS\models\OpdBillingModel.php on line 712
[01-Aug-2026 08:50:48 Europe/Berlin] [DEBUG] Routing - Processed Path: /api/index.php/api/billing/opd/analytics, Method: GET
[01-Aug-2026 08:50:48 Europe/Berlin] PHP Fatal error:  Uncaught Error: Call to undefined method GM_HMS\Database\SecureDatabase::fetch() in D:\xampp\htdocs\GM_HMS\models\OpdBillingModel.php:712
Stack trace:
#0 D:\xampp\htdocs\GM_HMS\controler\api\OpdBillingController.php(546): GM_HMS\Models\OpdBillingModel->getAnalyticsData(Array)
#1 D:\xampp\htdocs\GM_HMS\api\index.php(459): GM_HMS\Controllers\api\OpdBillingController->getOpdAnalytics()
#2 {main}
  thrown in D:\xampp\htdocs\GM_HMS\models\OpdBillingModel.php on line 712
[01-Aug-2026 08:50:53 Europe/Berlin] [DEBUG] Routing - Processed Path: /api/index.php/api/billing/opd/analytics, Method: GET
[01-Aug-2026 08:50:53 Europe/Berlin] PHP Fatal error:  Uncaught Error: Call to undefined method GM_HMS\Database\SecureDatabase::fetch() in D:\xampp\htdocs\GM_HMS\models\OpdBillingModel.php:712
Stack trace:
#0 D:\xampp\htdocs\GM_HMS\controler\api\OpdBillingController.php(546): GM_HMS\Models\OpdBillingModel->getAnalyticsData(Array)
#1 D:\xampp\htdocs\GM_HMS\api\index.php(459): GM_HMS\Controllers\api\OpdBillingController->getOpdAnalytics()
#2 {main}
  thrown in D:\xampp\htdocs\GM_HMS\models\OpdBillingModel.php on line 712
[01-Aug-2026 09:05:33 Europe/Berlin] [DEBUG] Routing - Processed Path: /api/index.php/api/billing/opd/stats, Method: GET
[01-Aug-2026 09:05:34 Europe/Berlin] [DEBUG] Routing - Processed Path: /api/index.php/api/billing/opd, Method: GET
[01-Aug-2026 09:06:46 Europe/Berlin] [DEBUG] Routing - Processed Path: /api/index.php/api/billing/opd, Method: GET
[01-Aug-2026 09:06:46 Europe/Berlin] [DEBUG] Routing - Processed Path: /api/index.php/api/billing/opd/stats, Method: GET
[01-Aug-2026 09:06:49 Europe/Berlin] [DEBUG] Routing - Processed Path: /api/index.php/api/billing/opd/analytics, Method: GET
[01-Aug-2026 09:06:49 Europe/Berlin] PHP Fatal error:  Uncaught Error: Call to undefined method GM_HMS\Database\SecureDatabase::fetch() in D:\xampp\htdocs\GM_HMS\models\OpdBillingModel.php:713
Stack trace:
#0 D:\xampp\htdocs\GM_HMS\controler\api\OpdBillingController.php(546): GM_HMS\Models\OpdBillingModel->getAnalyticsData(Array)
#1 D:\xampp\htdocs\GM_HMS\api\index.php(459): GM_HMS\Controllers\api\OpdBillingController->getOpdAnalytics()
#2 {main}
  thrown in D:\xampp\htdocs\GM_HMS\models\OpdBillingModel.php on line 713
[01-Aug-2026 09:06:54 Europe/Berlin] [DEBUG] Routing - Processed Path: /api/index.php/api/billing/opd/analytics, Method: GET
[01-Aug-2026 09:06:54 Europe/Berlin] PHP Fatal error:  Uncaught Error: Call to undefined method GM_HMS\Database\SecureDatabase::fetch() in D:\xampp\htdocs\GM_HMS\models\OpdBillingModel.php:713
Stack trace:
#0 D:\xampp\htdocs\GM_HMS\controler\api\OpdBillingController.php(546): GM_HMS\Models\OpdBillingModel->getAnalyticsData(Array)
#1 D:\xampp\htdocs\GM_HMS\api\index.php(459): GM_HMS\Controllers\api\OpdBillingController->getOpdAnalytics()
#2 {main}
  thrown in D:\xampp\htdocs\GM_HMS\models\OpdBillingModel.php on line 713
[01-Aug-2026 09:06:58 Europe/Berlin] [DEBUG] Routing - Processed Path: /api/index.php/api/billing/opd/analytics, Method: GET
[01-Aug-2026 09:06:58 Europe/Berlin] PHP Fatal error:  Uncaught Error: Call to undefined method GM_HMS\Database\SecureDatabase::fetch() in D:\xampp\htdocs\GM_HMS\models\OpdBillingModel.php:713
Stack trace:
#0 D:\xampp\htdocs\GM_HMS\controler\api\OpdBillingController.php(546): GM_HMS\Models\OpdBillingModel->getAnalyticsData(Array)
#1 D:\xampp\htdocs\GM_HMS\api\index.php(459): GM_HMS\Controllers\api\OpdBillingController->getOpdAnalytics()
#2 {main}
  thrown in D:\xampp\htdocs\GM_HMS\models\OpdBillingModel.php on line 713
[01-Aug-2026 09:07:16 Europe/Berlin] [DEBUG] Routing - Processed Path: /api/index.php/api/billing/opd, Method: GET
[01-Aug-2026 09:07:16 Europe/Berlin] [DEBUG] Routing - Processed Path: /api/index.php/api/billing/opd/stats, Method: GET
[01-Aug-2026 09:07:21 Europe/Berlin] [DEBUG] Routing - Processed Path: /api/index.php/api/billing/opd/analytics, Method: GET
[01-Aug-2026 09:07:22 Europe/Berlin] PHP Fatal error:  Uncaught Error: Call to undefined method GM_HMS\Database\SecureDatabase::fetch() in D:\xampp\htdocs\GM_HMS\models\OpdBillingModel.php:713
Stack trace:
#0 D:\xampp\htdocs\GM_HMS\controler\api\OpdBillingController.php(546): GM_HMS\Models\OpdBillingModel->getAnalyticsData(Array)
#1 D:\xampp\htdocs\GM_HMS\api\index.php(459): GM_HMS\Controllers\api\OpdBillingController->getOpdAnalytics()
#2 {main}
  thrown in D:\xampp\htdocs\GM_HMS\models\OpdBillingModel.php on line 713
[01-Aug-2026 09:07:29 Europe/Berlin] [DEBUG] Routing - Processed Path: /api/index.php/api/billing/opd/analytics, Method: GET
[01-Aug-2026 09:07:29 Europe/Berlin] PHP Fatal error:  Uncaught Error: Call to undefined method GM_HMS\Database\SecureDatabase::fetch() in D:\xampp\htdocs\GM_HMS\models\OpdBillingModel.php:713
Stack trace:
#0 D:\xampp\htdocs\GM_HMS\controler\api\OpdBillingController.php(546): GM_HMS\Models\OpdBillingModel->getAnalyticsData(Array)
#1 D:\xampp\htdocs\GM_HMS\api\index.php(459): GM_HMS\Controllers\api\OpdBillingController->getOpdAnalytics()
#2 {main}
  thrown in D:\xampp\htdocs\GM_HMS\models\OpdBillingModel.php on line 713
[01-Aug-2026 09:07:39 Europe/Berlin] [DEBUG] Routing - Processed Path: /api/index.php/api/billing/opd/analytics, Method: GET
[01-Aug-2026 09:07:39 Europe/Berlin] PHP Fatal error:  Uncaught Error: Call to undefined method GM_HMS\Database\SecureDatabase::fetch() in D:\xampp\htdocs\GM_HMS\models\OpdBillingModel.php:713
Stack trace:
#0 D:\xampp\htdocs\GM_HMS\controler\api\OpdBillingController.php(546): GM_HMS\Models\OpdBillingModel->getAnalyticsData(Array)
#1 D:\xampp\htdocs\GM_HMS\api\index.php(459): GM_HMS\Controllers\api\OpdBillingController->getOpdAnalytics()
#2 {main}
  thrown in D:\xampp\htdocs\GM_HMS\models\OpdBillingModel.php on line 713
[01-Aug-2026 09:08:49 Europe/Berlin] [DEBUG] Routing - Processed Path: /api/index.php/api/billing/opd/analytics, Method: GET
[01-Aug-2026 09:25:04 Europe/Berlin] [DEBUG] Routing - Processed Path: /api/index.php/api/billing/opd/analytics, Method: GET
[01-Aug-2026 09:25:24 Europe/Berlin] [DEBUG] Routing - Processed Path: /api/index.php/api/billing/opd/stats, Method: GET
[01-Aug-2026 09:25:25 Europe/Berlin] [DEBUG] Routing - Processed Path: /api/index.php/api/billing/opd, Method: GET
[01-Aug-2026 09:25:30 Europe/Berlin] [DEBUG] Routing - Processed Path: /api/index.php/api/billing/opd/analytics, Method: GET
[01-Aug-2026 09:37:56 Europe/Berlin] [DEBUG] Routing - Processed Path: /api/auth/login, Method: POST
[01-Aug-2026 09:37:56 Europe/Berlin] [DEBUG] AuthController::login hit
[01-Aug-2026 09:37:57 Europe/Berlin] Audit [info]: User nethra logged in as admin []
[01-Aug-2026 09:37:59 Europe/Berlin] [DEBUG] Routing - Processed Path: /api/admin/dashboard-summary, Method: GET
[01-Aug-2026 09:37:59 Europe/Berlin] [DEBUG] Routing - Processed Path: /api/admin/bed-availability, Method: GET
[01-Aug-2026 09:37:59 Europe/Berlin] Controller exception: Query preparation failed: Unknown column 'ward_type' in 'field list'. Query: SELECT 
                        ward_name,
                        ward_type,
                        room_name,
                        room_category,
                        COUNT(*) as total_beds,
                        SUM(CASE WHEN bed_status = 'Occupied' THEN 1 ELSE 0 END) as occupied_beds,
                        SUM(CASE WHEN bed_status = 'Available' THEN 1 ELSE 0 END) as available_beds,
                        SUM(CASE WHEN bed_status = 'Blocked' THEN 1 ELSE 0 END) as blocked_beds,
                        SUM(CASE WHEN bed_status = 'Maintenance' THEN 1 ELSE 0 END) as maintenance_beds
                    FROM hospital_beds
                    GROUP BY ward_name, ward_type, room_name, room_category
                    ORDER BY ward_name, room_name
[01-Aug-2026 09:37:59 Europe/Berlin] Audit [error]: Query preparation failed: Unknown column 'ward_type' in 'field list'. Query: SELECT 
                        ward_name,
                        ward_type,
                        room_name,
                        room_category,
                        COUNT(*) as total_beds,
                        SUM(CASE WHEN bed_status = 'Occupied' THEN 1 ELSE 0 END) as occupied_beds,
                        SUM(CASE WHEN bed_status = 'Available' THEN 1 ELSE 0 END) as available_beds,
                        SUM(CASE WHEN bed_status = 'Blocked' THEN 1 ELSE 0 END) as blocked_beds,
                        SUM(CASE WHEN bed_status = 'Maintenance' THEN 1 ELSE 0 END) as maintenance_beds
                    FROM hospital_beds
                    GROUP BY ward_name, ward_type, room_name, room_category
                    ORDER BY ward_name, room_name {"trace":"#0 D:\\xampp\\htdocs\\GM_HMS\\Database\\SecureDatabase.php(147): GM_HMS\\Database\\SecureDatabase->execute('SELECT \\r\\n      ...', Array, NULL)\n#1 D:\\xampp\\htdocs\\GM_HMS\\controler\\api\\AdminInfoController.php(292): GM_HMS\\Database\\SecureDatabase->fetchAll('SELECT \\r\\n      ...')\n#2 D:\\xampp\\htdocs\\GM_HMS\\api\\index.php(459): GM_HMS\\Controllers\\api\\AdminInfoController->getBedAvailability()\n#3 {main}"}
[01-Aug-2026 09:37:59 Europe/Berlin] [DEBUG] Routing - Processed Path: /api/admin/active-departments, Method: GET
[01-Aug-2026 09:37:59 Europe/Berlin] [DEBUG] Routing - Processed Path: /api/admin/analytics, Method: GET
[01-Aug-2026 09:39:19 Europe/Berlin] [DEBUG] Routing - Processed Path: /api/index.php/api/billing/opd, Method: GET
[01-Aug-2026 09:39:21 Europe/Berlin] [DEBUG] Routing - Processed Path: /api/index.php/api/billing/opd/stats, Method: GET
[01-Aug-2026 09:40:27 Europe/Berlin] [DEBUG] Routing - Processed Path: /api/index.php/api/billing/opd/analytics, Method: GET
[01-Aug-2026 09:41:29 Europe/Berlin] [DEBUG] Routing - Processed Path: /api/admin/active-departments, Method: GET
[01-Aug-2026 09:41:32 Europe/Berlin] [DEBUG] Routing - Processed Path: /api/admin/dashboard-summary, Method: GET
[01-Aug-2026 09:41:32 Europe/Berlin] [DEBUG] Routing - Processed Path: /api/admin/bed-availability, Method: GET
[01-Aug-2026 09:41:33 Europe/Berlin] Controller exception: Query preparation failed: Unknown column 'ward_type' in 'field list'. Query: SELECT 
                        ward_name,
                        ward_type,
                        room_name,
                        room_category,
                        COUNT(*) as total_beds,
                        SUM(CASE WHEN bed_status = 'Occupied' THEN 1 ELSE 0 END) as occupied_beds,
                        SUM(CASE WHEN bed_status = 'Available' THEN 1 ELSE 0 END) as available_beds,
                        SUM(CASE WHEN bed_status = 'Blocked' THEN 1 ELSE 0 END) as blocked_beds,
                        SUM(CASE WHEN bed_status = 'Maintenance' THEN 1 ELSE 0 END) as maintenance_beds
                    FROM hospital_beds
                    GROUP BY ward_name, ward_type, room_name, room_category
                    ORDER BY ward_name, room_name
[01-Aug-2026 09:41:33 Europe/Berlin] Audit [error]: Query preparation failed: Unknown column 'ward_type' in 'field list'. Query: SELECT 
                        ward_name,
                        ward_type,
                        room_name,
                        room_category,
                        COUNT(*) as total_beds,
                        SUM(CASE WHEN bed_status = 'Occupied' THEN 1 ELSE 0 END) as occupied_beds,
                        SUM(CASE WHEN bed_status = 'Available' THEN 1 ELSE 0 END) as available_beds,
                        SUM(CASE WHEN bed_status = 'Blocked' THEN 1 ELSE 0 END) as blocked_beds,
                        SUM(CASE WHEN bed_status = 'Maintenance' THEN 1 ELSE 0 END) as maintenance_beds
                    FROM hospital_beds
                    GROUP BY ward_name, ward_type, room_name, room_category
                    ORDER BY ward_name, room_name {"trace":"#0 D:\\xampp\\htdocs\\GM_HMS\\Database\\SecureDatabase.php(147): GM_HMS\\Database\\SecureDatabase->execute('SELECT \\r\\n      ...', Array, NULL)\n#1 D:\\xampp\\htdocs\\GM_HMS\\controler\\api\\AdminInfoController.php(292): GM_HMS\\Database\\SecureDatabase->fetchAll('SELECT \\r\\n      ...')\n#2 D:\\xampp\\htdocs\\GM_HMS\\api\\index.php(459): GM_HMS\\Controllers\\api\\AdminInfoController->getBedAvailability()\n#3 {main}"}
[01-Aug-2026 09:41:33 Europe/Berlin] [DEBUG] Routing - Processed Path: /api/admin/analytics, Method: GET
[01-Aug-2026 09:43:32 Europe/Berlin] [DEBUG] Routing - Processed Path: /api/admin/dashboard-summary, Method: GET
[01-Aug-2026 09:43:32 Europe/Berlin] [DEBUG] Routing - Processed Path: /api/admin/bed-availability, Method: GET
[01-Aug-2026 09:43:32 Europe/Berlin] Controller exception: Query preparation failed: Unknown column 'ward_type' in 'field list'. Query: SELECT 
                        ward_name,
                        ward_type,
                        room_name,
                        room_category,
                        COUNT(*) as total_beds,
                        SUM(CASE WHEN bed_status = 'Occupied' THEN 1 ELSE 0 END) as occupied_beds,
                        SUM(CASE WHEN bed_status = 'Available' THEN 1 ELSE 0 END) as available_beds,
                        SUM(CASE WHEN bed_status = 'Blocked' THEN 1 ELSE 0 END) as blocked_beds,
                        SUM(CASE WHEN bed_status = 'Maintenance' THEN 1 ELSE 0 END) as maintenance_beds
                    FROM hospital_beds
                    GROUP BY ward_name, ward_type, room_name, room_category
                    ORDER BY ward_name, room_name
[01-Aug-2026 09:43:32 Europe/Berlin] Audit [error]: Query preparation failed: Unknown column 'ward_type' in 'field list'. Query: SELECT 
                        ward_name,
                        ward_type,
                        room_name,
                        room_category,
                        COUNT(*) as total_beds,
                        SUM(CASE WHEN bed_status = 'Occupied' THEN 1 ELSE 0 END) as occupied_beds,
                        SUM(CASE WHEN bed_status = 'Available' THEN 1 ELSE 0 END) as available_beds,
                        SUM(CASE WHEN bed_status = 'Blocked' THEN 1 ELSE 0 END) as blocked_beds,
                        SUM(CASE WHEN bed_status = 'Maintenance' THEN 1 ELSE 0 END) as maintenance_beds
                    FROM hospital_beds
                    GROUP BY ward_name, ward_type, room_name, room_category
                    ORDER BY ward_name, room_name {"trace":"#0 D:\\xampp\\htdocs\\GM_HMS\\Database\\SecureDatabase.php(147): GM_HMS\\Database\\SecureDatabase->execute('SELECT \\r\\n      ...', Array, NULL)\n#1 D:\\xampp\\htdocs\\GM_HMS\\controler\\api\\AdminInfoController.php(292): GM_HMS\\Database\\SecureDatabase->fetchAll('SELECT \\r\\n      ...')\n#2 D:\\xampp\\htdocs\\GM_HMS\\api\\index.php(459): GM_HMS\\Controllers\\api\\AdminInfoController->getBedAvailability()\n#3 {main}"}
[01-Aug-2026 09:43:32 Europe/Berlin] [DEBUG] Routing - Processed Path: /api/admin/active-departments, Method: GET
[01-Aug-2026 09:43:32 Europe/Berlin] [DEBUG] Routing - Processed Path: /api/admin/analytics, Method: GET
[01-Aug-2026 09:43:38 Europe/Berlin] [DEBUG] Routing - Processed Path: /api/index.php/api/billing/opd/stats, Method: GET
[01-Aug-2026 09:43:38 Europe/Berlin] [DEBUG] Routing - Processed Path: /api/index.php/api/billing/opd, Method: GET
[01-Aug-2026 09:43:40 Europe/Berlin] [DEBUG] Routing - Processed Path: /api/index.php/api/billing/opd/analytics, Method: GET
[01-Aug-2026 09:44:40 Europe/Berlin] [DEBUG] Routing - Processed Path: /api/index.php/api/billing/opd/stats, Method: GET
[01-Aug-2026 09:44:40 Europe/Berlin] [DEBUG] Routing - Processed Path: /api/index.php/api/billing/opd, Method: GET
[01-Aug-2026 09:44:41 Europe/Berlin] [DEBUG] Routing - Processed Path: /api/index.php/api/billing/opd, Method: GET
[01-Aug-2026 09:44:41 Europe/Berlin] [DEBUG] Routing - Processed Path: /api/index.php/api/billing/opd/stats, Method: GET
[01-Aug-2026 09:44:43 Europe/Berlin] [DEBUG] Routing - Processed Path: /api/index.php/api/billing/opd/analytics, Method: GET
[01-Aug-2026 09:46:05 Europe/Berlin] [DEBUG] Routing - Processed Path: /api/index.php/api/billing/opd/stats, Method: GET
[01-Aug-2026 09:46:06 Europe/Berlin] [DEBUG] Routing - Processed Path: /api/index.php/api/billing/opd, Method: GET
[01-Aug-2026 09:46:06 Europe/Berlin] [DEBUG] Routing - Processed Path: /api/index.php/api/billing/opd/stats, Method: GET
[01-Aug-2026 09:46:07 Europe/Berlin] [DEBUG] Routing - Processed Path: /api/index.php/api/billing/opd, Method: GET
[01-Aug-2026 09:46:08 Europe/Berlin] [DEBUG] Routing - Processed Path: /api/index.php/api/billing/opd/stats, Method: GET
[01-Aug-2026 09:46:08 Europe/Berlin] [DEBUG] Routing - Processed Path: /api/index.php/api/billing/opd, Method: GET
[01-Aug-2026 09:46:30 Europe/Berlin] [DEBUG] Routing - Processed Path: /api/auth/login, Method: POST
[01-Aug-2026 09:46:30 Europe/Berlin] [DEBUG] AuthController::login hit
[01-Aug-2026 09:46:31 Europe/Berlin] Audit [info]: User nethra logged in as admin []
[01-Aug-2026 09:46:33 Europe/Berlin] [DEBUG] Routing - Processed Path: /api/admin/dashboard-summary, Method: GET
[01-Aug-2026 09:46:33 Europe/Berlin] [DEBUG] Routing - Processed Path: /api/admin/active-departments, Method: GET
[01-Aug-2026 09:46:33 Europe/Berlin] [DEBUG] Routing - Processed Path: /api/admin/bed-availability, Method: GET
[01-Aug-2026 09:46:33 Europe/Berlin] Controller exception: Query preparation failed: Unknown column 'ward_type' in 'field list'. Query: SELECT 
                        ward_name,
                        ward_type,
                        room_name,
                        room_category,
                        COUNT(*) as total_beds,
                        SUM(CASE WHEN bed_status = 'Occupied' THEN 1 ELSE 0 END) as occupied_beds,
                        SUM(CASE WHEN bed_status = 'Available' THEN 1 ELSE 0 END) as available_beds,
                        SUM(CASE WHEN bed_status = 'Blocked' THEN 1 ELSE 0 END) as blocked_beds,
                        SUM(CASE WHEN bed_status = 'Maintenance' THEN 1 ELSE 0 END) as maintenance_beds
                    FROM hospital_beds
                    GROUP BY ward_name, ward_type, room_name, room_category
                    ORDER BY ward_name, room_name
[01-Aug-2026 09:46:33 Europe/Berlin] Audit [error]: Query preparation failed: Unknown column 'ward_type' in 'field list'. Query: SELECT 
                        ward_name,
                        ward_type,
                        room_name,
                        room_category,
                        COUNT(*) as total_beds,
                        SUM(CASE WHEN bed_status = 'Occupied' THEN 1 ELSE 0 END) as occupied_beds,
                        SUM(CASE WHEN bed_status = 'Available' THEN 1 ELSE 0 END) as available_beds,
                        SUM(CASE WHEN bed_status = 'Blocked' THEN 1 ELSE 0 END) as blocked_beds,
                        SUM(CASE WHEN bed_status = 'Maintenance' THEN 1 ELSE 0 END) as maintenance_beds
                    FROM hospital_beds
                    GROUP BY ward_name, ward_type, room_name, room_category
                    ORDER BY ward_name, room_name {"trace":"#0 D:\\xampp\\htdocs\\GM_HMS\\Database\\SecureDatabase.php(147): GM_HMS\\Database\\SecureDatabase->execute('SELECT \\r\\n      ...', Array, NULL)\n#1 D:\\xampp\\htdocs\\GM_HMS\\controler\\api\\AdminInfoController.php(292): GM_HMS\\Database\\SecureDatabase->fetchAll('SELECT \\r\\n      ...')\n#2 D:\\xampp\\htdocs\\GM_HMS\\api\\index.php(459): GM_HMS\\Controllers\\api\\AdminInfoController->getBedAvailability()\n#3 {main}"}
[01-Aug-2026 09:46:33 Europe/Berlin] [DEBUG] Routing - Processed Path: /api/admin/analytics, Method: GET
[01-Aug-2026 09:46:36 Europe/Berlin] [DEBUG] Routing - Processed Path: /api/index.php/api/billing/opd/stats, Method: GET
[01-Aug-2026 09:46:36 Europe/Berlin] [DEBUG] Routing - Processed Path: /api/index.php/api/billing/opd, Method: GET
[01-Aug-2026 09:46:38 Europe/Berlin] [DEBUG] Routing - Processed Path: /api/index.php/api/billing/opd/analytics, Method: GET
[01-Aug-2026 09:48:44 Europe/Berlin] [DEBUG] Routing - Processed Path: /api/index.php/api/billing/opd, Method: GET
[01-Aug-2026 09:48:44 Europe/Berlin] [DEBUG] Routing - Processed Path: /api/index.php/api/billing/opd/stats, Method: GET
[01-Aug-2026 09:48:45 Europe/Berlin] [DEBUG] Routing - Processed Path: /api/index.php/api/billing/opd/analytics, Method: GET
[01-Aug-2026 09:51:35 Europe/Berlin] [DEBUG] Routing - Processed Path: /api/index.php/api/billing/opd/stats, Method: GET
[01-Aug-2026 09:51:35 Europe/Berlin] [DEBUG] Routing - Processed Path: /api/index.php/api/billing/opd, Method: GET
[01-Aug-2026 09:51:37 Europe/Berlin] [DEBUG] Routing - Processed Path: /api/index.php/api/billing/opd, Method: GET
[01-Aug-2026 09:51:37 Europe/Berlin] [DEBUG] Routing - Processed Path: /api/index.php/api/billing/opd/stats, Method: GET
[01-Aug-2026 09:51:39 Europe/Berlin] [DEBUG] Routing - Processed Path: /api/index.php/api/billing/opd/analytics, Method: GET
[01-Aug-2026 09:52:47 Europe/Berlin] [DEBUG] Routing - Processed Path: /api/index.php/api/billing/opd/stats, Method: GET
[01-Aug-2026 09:52:47 Europe/Berlin] [DEBUG] Routing - Processed Path: /api/index.php/api/billing/opd, Method: GET
[01-Aug-2026 09:52:48 Europe/Berlin] [DEBUG] Routing - Processed Path: /api/index.php/api/billing/opd/stats, Method: GET
[01-Aug-2026 09:52:48 Europe/Berlin] [DEBUG] Routing - Processed Path: /api/index.php/api/billing/opd, Method: GET
[01-Aug-2026 09:52:51 Europe/Berlin] [DEBUG] Routing - Processed Path: /api/index.php/api/billing/opd/analytics, Method: GET
[01-Aug-2026 09:53:11 Europe/Berlin] [DEBUG] Routing - Processed Path: /api/auth/login, Method: POST
[01-Aug-2026 09:53:11 Europe/Berlin] [DEBUG] AuthController::login hit
[01-Aug-2026 09:53:12 Europe/Berlin] Audit [info]: User shalini logged in as Receptionist []
[01-Aug-2026 09:53:18 Europe/Berlin] [DEBUG] Routing - Processed Path: /api/appointments, Method: GET
[01-Aug-2026 09:53:18 Europe/Berlin] [DEBUG] Routing - Processed Path: /api/doctors, Method: GET
[01-Aug-2026 09:53:18 Europe/Berlin] DOCTOR API SQL: SELECT 
                        d.doctor_id, 
                        d.full_name, 
                        d.gender,
                        d.age,
                        d.mobile_number,
                        d.specialization,
                        d.department_id,
                        d.specialization as department,
                        d.room_number,
                        d.in_time,
                        d.out_time,
                        d.consultation_fee,
                        d.available_days,
                        d.photo,
                        d.status,
                        CASE 
                            WHEN d.status != 'Active' THEN 'Off-Duty'
                            WHEN d.available_days IS NOT NULL AND d.available_days != '' 
                                 AND REPLACE(REPLACE(REPLACE(d.available_days, ' ', ''), '', ''), '
', '') NOT LIKE CONCAT('%', DATE_FORMAT(NOW(), '%a'), '%') THEN 'Off-Duty'
                            WHEN d.in_time IS NOT NULL AND (
                                (d.out_time IS NOT NULL AND CURTIME() BETWEEN d.in_time AND d.out_time)
                                OR (d.out_time IS NULL AND CURTIME() >= d.in_time)
                                OR (d.out_time < d.in_time AND (CURTIME() >= d.in_time OR CURTIME() <= d.out_time))
                            ) THEN 'Available'
                            ELSE 'Off-Duty'
                        END AS availability
                    FROM doctors d WHERE (d.status = 'Active' OR d.status IS NULL OR d.status = '') ORDER BY availability DESC, d.full_name ASC LIMIT ? PARAMS: [100]
[01-Aug-2026 09:53:18 Europe/Berlin] DOCTOR API RESULT COUNT: 34
[01-Aug-2026 09:53:18 Europe/Berlin] [DEBUG] Routing - Processed Path: /api/appointments/departments, Method: GET
[01-Aug-2026 09:53:18 Europe/Berlin] [DEBUG] Routing - Processed Path: /api/doctors, Method: GET
[01-Aug-2026 09:53:18 Europe/Berlin] DOCTOR API SQL: SELECT 
                        d.doctor_id, 
                        d.full_name, 
                        d.gender,
                        d.age,
                        d.mobile_number,
                        d.specialization,
                        d.department_id,
                        d.specialization as department,
                        d.room_number,
                        d.in_time,
                        d.out_time,
                        d.consultation_fee,
                        d.available_days,
                        d.photo,
                        d.status,
                        CASE 
                            WHEN d.status != 'Active' THEN 'Off-Duty'
                            WHEN d.available_days IS NOT NULL AND d.available_days != '' 
                                 AND REPLACE(REPLACE(REPLACE(d.available_days, ' ', ''), '', ''), '
', '') NOT LIKE CONCAT('%', DATE_FORMAT(NOW(), '%a'), '%') THEN 'Off-Duty'
                            WHEN d.in_time IS NOT NULL AND (
                                (d.out_time IS NOT NULL AND CURTIME() BETWEEN d.in_time AND d.out_time)
                                OR (d.out_time IS NULL AND CURTIME() >= d.in_time)
                                OR (d.out_time < d.in_time AND (CURTIME() >= d.in_time OR CURTIME() <= d.out_time))
                            ) THEN 'Available'
                            ELSE 'Off-Duty'
                        END AS availability
                    FROM doctors d WHERE (d.status = 'Active' OR d.status IS NULL OR d.status = '') ORDER BY availability DESC, d.full_name ASC LIMIT ? PARAMS: [100]
[01-Aug-2026 09:53:18 Europe/Berlin] DOCTOR API RESULT COUNT: 34
[01-Aug-2026 09:53:20 Europe/Berlin] [DEBUG] Routing - Processed Path: /api/patients, Method: GET
[01-Aug-2026 09:53:20 Europe/Berlin] [DEBUG] Routing - Processed Path: /api/referred-doctors, Method: GET
[01-Aug-2026 09:53:36 Europe/Berlin] [DEBUG] Routing - Processed Path: /api/patients/check-duplicate, Method: GET
[01-Aug-2026 09:53:48 Europe/Berlin] [DEBUG] Routing - Processed Path: /api/patients/check-duplicate, Method: GET
[01-Aug-2026 09:55:08 Europe/Berlin] [DEBUG] Routing - Processed Path: /api/patients, Method: POST
[01-Aug-2026 09:55:10 Europe/Berlin] [DEBUG] Routing - Processed Path: /api/patients, Method: GET
[01-Aug-2026 09:55:14 Europe/Berlin] [DEBUG] Routing - Processed Path: /api/appointments, Method: GET
[01-Aug-2026 09:55:14 Europe/Berlin] [DEBUG] Routing - Processed Path: /api/appointments/departments, Method: GET
[01-Aug-2026 09:55:14 Europe/Berlin] [DEBUG] Routing - Processed Path: /api/doctors, Method: GET
[01-Aug-2026 09:55:14 Europe/Berlin] DOCTOR API SQL: SELECT 
                        d.doctor_id, 
                        d.full_name, 
                        d.gender,
                        d.age,
                        d.mobile_number,
                        d.specialization,
                        d.department_id,
                        d.specialization as department,
                        d.room_number,
                        d.in_time,
                        d.out_time,
                        d.consultation_fee,
                        d.available_days,
                        d.photo,
                        d.status,
                        CASE 
                            WHEN d.status != 'Active' THEN 'Off-Duty'
                            WHEN d.available_days IS NOT NULL AND d.available_days != '' 
                                 AND REPLACE(REPLACE(REPLACE(d.available_days, ' ', ''), '', ''), '
', '') NOT LIKE CONCAT('%', DATE_FORMAT(NOW(), '%a'), '%') THEN 'Off-Duty'
                            WHEN d.in_time IS NOT NULL AND (
                                (d.out_time IS NOT NULL AND CURTIME() BETWEEN d.in_time AND d.out_time)
                                OR (d.out_time IS NULL AND CURTIME() >= d.in_time)
                                OR (d.out_time < d.in_time AND (CURTIME() >= d.in_time OR CURTIME() <= d.out_time))
                            ) THEN 'Available'
                            ELSE 'Off-Duty'
                        END AS availability
                    FROM doctors d WHERE (d.status = 'Active' OR d.status IS NULL OR d.status = '') ORDER BY availability DESC, d.full_name ASC LIMIT ? PARAMS: [100]
[01-Aug-2026 09:55:14 Europe/Berlin] DOCTOR API RESULT COUNT: 34
[01-Aug-2026 09:55:14 Europe/Berlin] [DEBUG] Routing - Processed Path: /api/doctors, Method: GET
[01-Aug-2026 09:55:14 Europe/Berlin] DOCTOR API SQL: SELECT 
                        d.doctor_id, 
                        d.full_name, 
                        d.gender,
                        d.age,
                        d.mobile_number,
                        d.specialization,
                        d.department_id,
                        d.specialization as department,
                        d.room_number,
                        d.in_time,
                        d.out_time,
                        d.consultation_fee,
                        d.available_days,
                        d.photo,
                        d.status,
                        CASE 
                            WHEN d.status != 'Active' THEN 'Off-Duty'
                            WHEN d.available_days IS NOT NULL AND d.available_days != '' 
                                 AND REPLACE(REPLACE(REPLACE(d.available_days, ' ', ''), '', ''), '
', '') NOT LIKE CONCAT('%', DATE_FORMAT(NOW(), '%a'), '%') THEN 'Off-Duty'
                            WHEN d.in_time IS NOT NULL AND (
                                (d.out_time IS NOT NULL AND CURTIME() BETWEEN d.in_time AND d.out_time)
                                OR (d.out_time IS NULL AND CURTIME() >= d.in_time)
                                OR (d.out_time < d.in_time AND (CURTIME() >= d.in_time OR CURTIME() <= d.out_time))
                            ) THEN 'Available'
                            ELSE 'Off-Duty'
                        END AS availability
                    FROM doctors d WHERE (d.status = 'Active' OR d.status IS NULL OR d.status = '') ORDER BY availability DESC, d.full_name ASC LIMIT ? PARAMS: [100]
[01-Aug-2026 09:55:14 Europe/Berlin] DOCTOR API RESULT COUNT: 34
[01-Aug-2026 09:55:16 Europe/Berlin] [DEBUG] Routing - Processed Path: /api/patients/PID-20260801-001, Method: GET
[01-Aug-2026 09:56:02 Europe/Berlin] [DEBUG] Routing - Processed Path: /api/appointments, Method: POST
[01-Aug-2026 09:56:03 Europe/Berlin] [DEBUG] Routing - Processed Path: /api/appointments, Method: GET
[01-Aug-2026 09:56:07 Europe/Berlin] [DEBUG] Routing - Processed Path: /api/index.php/api/billing/opd/stats, Method: GET
[01-Aug-2026 09:56:08 Europe/Berlin] [DEBUG] Routing - Processed Path: /api/index.php/api/billing/opd, Method: GET
[01-Aug-2026 09:56:08 Europe/Berlin] [DEBUG] Routing - Processed Path: /api/index.php/api/billing/opd/services, Method: GET
[01-Aug-2026 09:56:09 Europe/Berlin] [DEBUG] Routing - Processed Path: /api/index.php/api/doctors, Method: GET
[01-Aug-2026 09:56:09 Europe/Berlin] DOCTOR API SQL: SELECT 
                        d.doctor_id, 
                        d.full_name, 
                        d.gender,
                        d.age,
                        d.mobile_number,
                        d.specialization,
                        d.department_id,
                        d.specialization as department,
                        d.room_number,
                        d.in_time,
                        d.out_time,
                        d.consultation_fee,
                        d.available_days,
                        d.photo,
                        d.status,
                        CASE 
                            WHEN d.status != 'Active' THEN 'Off-Duty'
                            WHEN d.available_days IS NOT NULL AND d.available_days != '' 
                                 AND REPLACE(REPLACE(REPLACE(d.available_days, ' ', ''), '', ''), '
', '') NOT LIKE CONCAT('%', DATE_FORMAT(NOW(), '%a'), '%') THEN 'Off-Duty'
                            WHEN d.in_time IS NOT NULL AND (
                                (d.out_time IS NOT NULL AND CURTIME() BETWEEN d.in_time AND d.out_time)
                                OR (d.out_time IS NULL AND CURTIME() >= d.in_time)
                                OR (d.out_time < d.in_time AND (CURTIME() >= d.in_time OR CURTIME() <= d.out_time))
                            ) THEN 'Available'
                            ELSE 'Off-Duty'
                        END AS availability
                    FROM doctors d WHERE (d.status = 'Active' OR d.status IS NULL OR d.status = '') ORDER BY availability DESC, d.full_name ASC LIMIT ? PARAMS: [200]
[01-Aug-2026 09:56:09 Europe/Berlin] DOCTOR API RESULT COUNT: 34
[01-Aug-2026 09:56:10 Europe/Berlin] [DEBUG] Routing - Processed Path: /api/index.php/api/billing/opd/search-patients, Method: GET
[01-Aug-2026 09:56:10 Europe/Berlin] [DEBUG] Routing - Processed Path: /api/index.php/api/billing/opd/consultation-fee, Method: GET
[01-Aug-2026 09:56:50 Europe/Berlin] [DEBUG] Routing - Processed Path: /api/index.php/api/billing/opd, Method: POST
[01-Aug-2026 09:56:51 Europe/Berlin] [DEBUG] Routing - Processed Path: /api/index.php/api/billing/opd/stats, Method: GET
[01-Aug-2026 09:56:51 Europe/Berlin] [DEBUG] Routing - Processed Path: /api/index.php/api/billing/opd, Method: GET
[01-Aug-2026 09:56:51 Europe/Berlin] [DEBUG] Routing - Processed Path: /api/index.php/api/billing/opd/OPB-20260801-0001, Method: GET
[01-Aug-2026 09:57:06 Europe/Berlin] [DEBUG] Routing - Processed Path: /api/auth/login, Method: POST
[01-Aug-2026 09:57:06 Europe/Berlin] [DEBUG] AuthController::login hit
[01-Aug-2026 09:57:06 Europe/Berlin] Audit [info]: User nethra logged in as admin []
[01-Aug-2026 09:57:09 Europe/Berlin] [DEBUG] Routing - Processed Path: /api/admin/dashboard-summary, Method: GET
[01-Aug-2026 09:57:09 Europe/Berlin] [DEBUG] Routing - Processed Path: /api/admin/bed-availability, Method: GET
[01-Aug-2026 09:57:09 Europe/Berlin] Controller exception: Query preparation failed: Unknown column 'ward_type' in 'field list'. Query: SELECT 
                        ward_name,
                        ward_type,
                        room_name,
                        room_category,
                        COUNT(*) as total_beds,
                        SUM(CASE WHEN bed_status = 'Occupied' THEN 1 ELSE 0 END) as occupied_beds,
                        SUM(CASE WHEN bed_status = 'Available' THEN 1 ELSE 0 END) as available_beds,
                        SUM(CASE WHEN bed_status = 'Blocked' THEN 1 ELSE 0 END) as blocked_beds,
                        SUM(CASE WHEN bed_status = 'Maintenance' THEN 1 ELSE 0 END) as maintenance_beds
                    FROM hospital_beds
                    GROUP BY ward_name, ward_type, room_name, room_category
                    ORDER BY ward_name, room_name
[01-Aug-2026 09:57:09 Europe/Berlin] Audit [error]: Query preparation failed: Unknown column 'ward_type' in 'field list'. Query: SELECT 
                        ward_name,
                        ward_type,
                        room_name,
                        room_category,
                        COUNT(*) as total_beds,
                        SUM(CASE WHEN bed_status = 'Occupied' THEN 1 ELSE 0 END) as occupied_beds,
                        SUM(CASE WHEN bed_status = 'Available' THEN 1 ELSE 0 END) as available_beds,
                        SUM(CASE WHEN bed_status = 'Blocked' THEN 1 ELSE 0 END) as blocked_beds,
                        SUM(CASE WHEN bed_status = 'Maintenance' THEN 1 ELSE 0 END) as maintenance_beds
                    FROM hospital_beds
                    GROUP BY ward_name, ward_type, room_name, room_category
                    ORDER BY ward_name, room_name {"trace":"#0 D:\\xampp\\htdocs\\GM_HMS\\Database\\SecureDatabase.php(147): GM_HMS\\Database\\SecureDatabase->execute('SELECT \\r\\n      ...', Array, NULL)\n#1 D:\\xampp\\htdocs\\GM_HMS\\controler\\api\\AdminInfoController.php(292): GM_HMS\\Database\\SecureDatabase->fetchAll('SELECT \\r\\n      ...')\n#2 D:\\xampp\\htdocs\\GM_HMS\\api\\index.php(459): GM_HMS\\Controllers\\api\\AdminInfoController->getBedAvailability()\n#3 {main}"}
[01-Aug-2026 09:57:09 Europe/Berlin] [DEBUG] Routing - Processed Path: /api/admin/active-departments, Method: GET
[01-Aug-2026 09:57:09 Europe/Berlin] [DEBUG] Routing - Processed Path: /api/admin/analytics, Method: GET
[01-Aug-2026 09:57:12 Europe/Berlin] [DEBUG] Routing - Processed Path: /api/index.php/api/billing/opd/stats, Method: GET
[01-Aug-2026 09:57:12 Europe/Berlin] [DEBUG] Routing - Processed Path: /api/index.php/api/billing/opd, Method: GET
[01-Aug-2026 09:57:23 Europe/Berlin] [DEBUG] Routing - Processed Path: /api/index.php/api/billing/opd/analytics, Method: GET
[01-Aug-2026 09:57:48 Europe/Berlin] [DEBUG] Routing - Processed Path: /api/index.php/api/billing/opd/OPB-20260801-0001, Method: GET
[01-Aug-2026 09:57:57 Europe/Berlin] [DEBUG] Routing - Processed Path: /api/index.php/api/billing/opd/payment, Method: POST
[01-Aug-2026 09:57:59 Europe/Berlin] [DEBUG] Routing - Processed Path: /api/index.php/api/billing/opd/stats, Method: GET
[01-Aug-2026 09:57:59 Europe/Berlin] [DEBUG] Routing - Processed Path: /api/index.php/api/billing/opd, Method: GET
[01-Aug-2026 09:58:03 Europe/Berlin] [DEBUG] Routing - Processed Path: /api/index.php/api/billing/opd/analytics, Method: GET
[01-Aug-2026 09:59:58 Europe/Berlin] [DEBUG] Routing - Processed Path: /api/index.php/api/billing/opd/stats, Method: GET
[01-Aug-2026 09:59:58 Europe/Berlin] [DEBUG] Routing - Processed Path: /api/index.php/api/billing/opd, Method: GET
[01-Aug-2026 10:00:00 Europe/Berlin] [DEBUG] Routing - Processed Path: /api/index.php/api/billing/opd/analytics, Method: GET
[01-Aug-2026 10:00:00 Europe/Berlin] [DEBUG] Routing - Processed Path: /api/index.php/api/billing/opd/analytics, Method: GET
[01-Aug-2026 10:00:05 Europe/Berlin] [DEBUG] Routing - Processed Path: /api/index.php/api/billing/opd, Method: GET
[01-Aug-2026 10:00:05 Europe/Berlin] [DEBUG] Routing - Processed Path: /api/index.php/api/billing/opd/stats, Method: GET
[01-Aug-2026 10:00:06 Europe/Berlin] [DEBUG] Routing - Processed Path: /api/index.php/api/billing/opd/analytics, Method: GET
[01-Aug-2026 10:00:06 Europe/Berlin] [DEBUG] Routing - Processed Path: /api/index.php/api/billing/opd/analytics, Method: GET
[01-Aug-2026 10:00:12 Europe/Berlin] [DEBUG] Routing - Processed Path: /api/index.php/api/billing/opd/OPB-20260801-0001, Method: GET
[01-Aug-2026 10:00:27 Europe/Berlin] [DEBUG] Routing - Processed Path: /api/hospital-beds/, Method: GET
[01-Aug-2026 10:00:31 Europe/Berlin] [DEBUG] Routing - Processed Path: /api/index.php/api/billing/opd/stats, Method: GET
[01-Aug-2026 10:00:32 Europe/Berlin] [DEBUG] Routing - Processed Path: /api/index.php/api/billing/opd, Method: GET
[01-Aug-2026 10:01:58 Europe/Berlin] [DEBUG] Routing - Processed Path: /api/index.php/api/billing/opd/stats, Method: GET
[01-Aug-2026 10:01:58 Europe/Berlin] [DEBUG] Routing - Processed Path: /api/index.php/api/billing/opd, Method: GET
[01-Aug-2026 10:01:59 Europe/Berlin] [DEBUG] Routing - Processed Path: /api/index.php/api/billing/opd/stats, Method: GET
[01-Aug-2026 10:01:59 Europe/Berlin] [DEBUG] Routing - Processed Path: /api/index.php/api/billing/opd, Method: GET
[01-Aug-2026 10:02:03 Europe/Berlin] [DEBUG] Routing - Processed Path: /api/index.php/api/billing/opd/OPB-20260801-0001, Method: GET
[01-Aug-2026 10:02:22 Europe/Berlin] [DEBUG] Routing - Processed Path: /api/index.php/api/billing/opd, Method: GET
[01-Aug-2026 10:02:22 Europe/Berlin] [DEBUG] Routing - Processed Path: /api/index.php/api/billing/opd/stats, Method: GET
[01-Aug-2026 10:05:19 Europe/Berlin] [DEBUG] Routing - Processed Path: /api/index.php/api/billing/opd/stats, Method: GET
[01-Aug-2026 10:05:19 Europe/Berlin] [DEBUG] Routing - Processed Path: /api/index.php/api/billing/opd, Method: GET
[01-Aug-2026 10:05:20 Europe/Berlin] [DEBUG] Routing - Processed Path: /api/index.php/api/billing/opd, Method: GET
[01-Aug-2026 10:05:20 Europe/Berlin] [DEBUG] Routing - Processed Path: /api/index.php/api/billing/opd/stats, Method: GET
[01-Aug-2026 10:05:24 Europe/Berlin] [DEBUG] Routing - Processed Path: /api/index.php/api/billing/opd/OPB-20260801-0001, Method: GET
[01-Aug-2026 10:05:27 Europe/Berlin] [DEBUG] Routing - Processed Path: /api/index.php/api/billing/opd/OPB-20260801-0001, Method: GET
[01-Aug-2026 10:05:45 Europe/Berlin] [DEBUG] Routing - Processed Path: /api/index.php/api/billing/opd/OPB-20260801-0001, Method: PUT
[01-Aug-2026 10:05:45 Europe/Berlin] [DEBUG] Routing - Processed Path: /api/index.php/api/billing/opd/OPB-20260801-0001, Method: PUT
[01-Aug-2026 10:05:48 Europe/Berlin] [DEBUG] Routing - Processed Path: /api/index.php/api/billing/opd/stats, Method: GET
[01-Aug-2026 10:05:48 Europe/Berlin] [DEBUG] Routing - Processed Path: /api/index.php/api/billing/opd, Method: GET
[01-Aug-2026 10:05:50 Europe/Berlin] [DEBUG] Routing - Processed Path: /api/index.php/api/billing/opd/stats, Method: GET
[01-Aug-2026 10:05:50 Europe/Berlin] [DEBUG] Routing - Processed Path: /api/index.php/api/billing/opd, Method: GET
[01-Aug-2026 10:05:56 Europe/Berlin] [DEBUG] Routing - Processed Path: /api/index.php/api/billing/opd/OPB-20260801-0001, Method: GET
[01-Aug-2026 10:06:04 Europe/Berlin] [DEBUG] Routing - Processed Path: /api/index.php/api/billing/opd/OPB-20260801-0001, Method: PUT
[01-Aug-2026 10:06:09 Europe/Berlin] [DEBUG] Routing - Processed Path: /api/index.php/api/billing/opd, Method: GET
[01-Aug-2026 10:06:09 Europe/Berlin] [DEBUG] Routing - Processed Path: /api/index.php/api/billing/opd/stats, Method: GET
[01-Aug-2026 10:07:35 Europe/Berlin] [DEBUG] Routing - Processed Path: /api/index.php/api/billing/opd/OPB-20260725-0003, Method: GET
[01-Aug-2026 10:07:35 Europe/Berlin] [DEBUG] Routing - Processed Path: /api/index.php/api/billing/opd/OPB-20260725-0003, Method: GET
[01-Aug-2026 10:07:49 Europe/Berlin] [DEBUG] Routing - Processed Path: /api/index.php/api/billing/opd/OPB-20260725-0003, Method: PUT
[01-Aug-2026 10:07:53 Europe/Berlin] [DEBUG] Routing - Processed Path: /api/index.php/api/billing/opd, Method: GET
[01-Aug-2026 10:07:53 Europe/Berlin] [DEBUG] Routing - Processed Path: /api/index.php/api/billing/opd/stats, Method: GET
[01-Aug-2026 10:07:55 Europe/Berlin] [DEBUG] Routing - Processed Path: /api/index.php/api/billing/opd, Method: GET
[01-Aug-2026 10:07:55 Europe/Berlin] [DEBUG] Routing - Processed Path: /api/index.php/api/billing/opd/stats, Method: GET
[01-Aug-2026 10:07:57 Europe/Berlin] [DEBUG] Routing - Processed Path: /api/index.php/api/billing/opd/OPB-20260801-0001, Method: GET
[01-Aug-2026 10:08:12 Europe/Berlin] [DEBUG] Routing - Processed Path: /api/index.php/api/billing/opd/OPB-20260801-0001, Method: PUT
[01-Aug-2026 10:08:12 Europe/Berlin] [DEBUG] Routing - Processed Path: /api/index.php/api/billing/opd/stats, Method: GET
[01-Aug-2026 10:08:13 Europe/Berlin] [DEBUG] Routing - Processed Path: /api/index.php/api/billing/opd, Method: GET
[01-Aug-2026 10:12:25 Europe/Berlin] [DEBUG] Routing - Processed Path: /api/patients, Method: GET
[01-Aug-2026 10:12:25 Europe/Berlin] [DEBUG] Routing - Processed Path: /api/referred-doctors, Method: GET
[01-Aug-2026 10:12:33 Europe/Berlin] [DEBUG] Routing - Processed Path: /api/index.php/api/billing/opd/stats, Method: GET
[01-Aug-2026 10:12:33 Europe/Berlin] [DEBUG] Routing - Processed Path: /api/index.php/api/billing/opd, Method: GET
[01-Aug-2026 10:17:04 Europe/Berlin] [DEBUG] Routing - Processed Path: /api/index.php/api/billing/opd, Method: GET
[01-Aug-2026 10:17:04 Europe/Berlin] [DEBUG] Routing - Processed Path: /api/index.php/api/billing/opd/stats, Method: GET
[01-Aug-2026 10:17:09 Europe/Berlin] [DEBUG] Routing - Processed Path: /api/admin/dashboard-summary, Method: GET
[01-Aug-2026 10:17:09 Europe/Berlin] [DEBUG] Routing - Processed Path: /api/admin/bed-availability, Method: GET
[01-Aug-2026 10:17:09 Europe/Berlin] Controller exception: Query preparation failed: Unknown column 'ward_type' in 'field list'. Query: SELECT 
                        ward_name,
                        ward_type,
                        room_name,
                        room_category,
                        COUNT(*) as total_beds,
                        SUM(CASE WHEN bed_status = 'Occupied' THEN 1 ELSE 0 END) as occupied_beds,
                        SUM(CASE WHEN bed_status = 'Available' THEN 1 ELSE 0 END) as available_beds,
                        SUM(CASE WHEN bed_status = 'Blocked' THEN 1 ELSE 0 END) as blocked_beds,
                        SUM(CASE WHEN bed_status = 'Maintenance' THEN 1 ELSE 0 END) as maintenance_beds
                    FROM hospital_beds
                    GROUP BY ward_name, ward_type, room_name, room_category
                    ORDER BY ward_name, room_name
[01-Aug-2026 10:17:09 Europe/Berlin] Audit [error]: Query preparation failed: Unknown column 'ward_type' in 'field list'. Query: SELECT 
                        ward_name,
                        ward_type,
                        room_name,
                        room_category,
                        COUNT(*) as total_beds,
                        SUM(CASE WHEN bed_status = 'Occupied' THEN 1 ELSE 0 END) as occupied_beds,
                        SUM(CASE WHEN bed_status = 'Available' THEN 1 ELSE 0 END) as available_beds,
                        SUM(CASE WHEN bed_status = 'Blocked' THEN 1 ELSE 0 END) as blocked_beds,
                        SUM(CASE WHEN bed_status = 'Maintenance' THEN 1 ELSE 0 END) as maintenance_beds
                    FROM hospital_beds
                    GROUP BY ward_name, ward_type, room_name, room_category
                    ORDER BY ward_name, room_name {"trace":"#0 D:\\xampp\\htdocs\\GM_HMS\\Database\\SecureDatabase.php(147): GM_HMS\\Database\\SecureDatabase->execute('SELECT \\r\\n      ...', Array, NULL)\n#1 D:\\xampp\\htdocs\\GM_HMS\\controler\\api\\AdminInfoController.php(292): GM_HMS\\Database\\SecureDatabase->fetchAll('SELECT \\r\\n      ...')\n#2 D:\\xampp\\htdocs\\GM_HMS\\api\\index.php(459): GM_HMS\\Controllers\\api\\AdminInfoController->getBedAvailability()\n#3 {main}"}
[01-Aug-2026 10:17:09 Europe/Berlin] [DEBUG] Routing - Processed Path: /api/admin/active-departments, Method: GET
[01-Aug-2026 10:17:09 Europe/Berlin] [DEBUG] Routing - Processed Path: /api/admin/analytics, Method: GET
[01-Aug-2026 10:17:10 Europe/Berlin] [DEBUG] Routing - Processed Path: /api/doctors/1/opd-patients, Method: GET
[01-Aug-2026 10:17:11 Europe/Berlin] [DEBUG] Routing - Processed Path: /api/notifications/unread-count, Method: GET
[01-Aug-2026 10:17:11 Europe/Berlin] [DEBUG] Routing - Processed Path: /api/notifications, Method: GET
[01-Aug-2026 10:17:12 Europe/Berlin] [DEBUG] Routing - Processed Path: /api/doctors/1, Method: GET
[01-Aug-2026 10:17:12 Europe/Berlin] [DEBUG] Routing - Processed Path: /api/appointments, Method: GET
[01-Aug-2026 10:17:12 Europe/Berlin] [DEBUG] Routing - Processed Path: /api/appointments, Method: GET
[01-Aug-2026 10:17:12 Europe/Berlin] [DEBUG] Routing - Processed Path: /api/doctors/1/ipd-patients, Method: GET
[01-Aug-2026 10:17:12 Europe/Berlin] [DEBUG] Routing - Processed Path: /api/consultations, Method: GET
[01-Aug-2026 10:17:13 Europe/Berlin] [DEBUG] Routing - Processed Path: /api/admin/dashboard-summary, Method: GET
[01-Aug-2026 10:17:13 Europe/Berlin] [DEBUG] Routing - Processed Path: /api/admin/bed-availability, Method: GET
[01-Aug-2026 10:17:13 Europe/Berlin] Controller exception: Query preparation failed: Unknown column 'ward_type' in 'field list'. Query: SELECT 
                        ward_name,
                        ward_type,
                        room_name,
                        room_category,
                        COUNT(*) as total_beds,
                        SUM(CASE WHEN bed_status = 'Occupied' THEN 1 ELSE 0 END) as occupied_beds,
                        SUM(CASE WHEN bed_status = 'Available' THEN 1 ELSE 0 END) as available_beds,
                        SUM(CASE WHEN bed_status = 'Blocked' THEN 1 ELSE 0 END) as blocked_beds,
                        SUM(CASE WHEN bed_status = 'Maintenance' THEN 1 ELSE 0 END) as maintenance_beds
                    FROM hospital_beds
                    GROUP BY ward_name, ward_type, room_name, room_category
                    ORDER BY ward_name, room_name
[01-Aug-2026 10:17:13 Europe/Berlin] Audit [error]: Query preparation failed: Unknown column 'ward_type' in 'field list'. Query: SELECT 
                        ward_name,
                        ward_type,
                        room_name,
                        room_category,
                        COUNT(*) as total_beds,
                        SUM(CASE WHEN bed_status = 'Occupied' THEN 1 ELSE 0 END) as occupied_beds,
                        SUM(CASE WHEN bed_status = 'Available' THEN 1 ELSE 0 END) as available_beds,
                        SUM(CASE WHEN bed_status = 'Blocked' THEN 1 ELSE 0 END) as blocked_beds,
                        SUM(CASE WHEN bed_status = 'Maintenance' THEN 1 ELSE 0 END) as maintenance_beds
                    FROM hospital_beds
                    GROUP BY ward_name, ward_type, room_name, room_category
                    ORDER BY ward_name, room_name {"trace":"#0 D:\\xampp\\htdocs\\GM_HMS\\Database\\SecureDatabase.php(147): GM_HMS\\Database\\SecureDatabase->execute('SELECT \\r\\n      ...', Array, NULL)\n#1 D:\\xampp\\htdocs\\GM_HMS\\controler\\api\\AdminInfoController.php(292): GM_HMS\\Database\\SecureDatabase->fetchAll('SELECT \\r\\n      ...')\n#2 D:\\xampp\\htdocs\\GM_HMS\\api\\index.php(459): GM_HMS\\Controllers\\api\\AdminInfoController->getBedAvailability()\n#3 {main}"}
[01-Aug-2026 10:17:13 Europe/Berlin] [DEBUG] Routing - Processed Path: /api/admin/active-departments, Method: GET
[01-Aug-2026 10:17:13 Europe/Berlin] [DEBUG] Routing - Processed Path: /api/admin/analytics, Method: GET
[01-Aug-2026 10:17:15 Europe/Berlin] [DEBUG] Routing - Processed Path: /api/admin/dashboard-summary, Method: GET
[01-Aug-2026 10:17:15 Europe/Berlin] [DEBUG] Routing - Processed Path: /api/admin/bed-availability, Method: GET
[01-Aug-2026 10:17:15 Europe/Berlin] Controller exception: Query preparation failed: Unknown column 'ward_type' in 'field list'. Query: SELECT 
                        ward_name,
                        ward_type,
                        room_name,
                        room_category,
                        COUNT(*) as total_beds,
                        SUM(CASE WHEN bed_status = 'Occupied' THEN 1 ELSE 0 END) as occupied_beds,
                        SUM(CASE WHEN bed_status = 'Available' THEN 1 ELSE 0 END) as available_beds,
                        SUM(CASE WHEN bed_status = 'Blocked' THEN 1 ELSE 0 END) as blocked_beds,
                        SUM(CASE WHEN bed_status = 'Maintenance' THEN 1 ELSE 0 END) as maintenance_beds
                    FROM hospital_beds
                    GROUP BY ward_name, ward_type, room_name, room_category
                    ORDER BY ward_name, room_name
[01-Aug-2026 10:17:15 Europe/Berlin] Audit [error]: Query preparation failed: Unknown column 'ward_type' in 'field list'. Query: SELECT 
                        ward_name,
                        ward_type,
                        room_name,
                        room_category,
                        COUNT(*) as total_beds,
                        SUM(CASE WHEN bed_status = 'Occupied' THEN 1 ELSE 0 END) as occupied_beds,
                        SUM(CASE WHEN bed_status = 'Available' THEN 1 ELSE 0 END) as available_beds,
                        SUM(CASE WHEN bed_status = 'Blocked' THEN 1 ELSE 0 END) as blocked_beds,
                        SUM(CASE WHEN bed_status = 'Maintenance' THEN 1 ELSE 0 END) as maintenance_beds
                    FROM hospital_beds
                    GROUP BY ward_name, ward_type, room_name, room_category
                    ORDER BY ward_name, room_name {"trace":"#0 D:\\xampp\\htdocs\\GM_HMS\\Database\\SecureDatabase.php(147): GM_HMS\\Database\\SecureDatabase->execute('SELECT \\r\\n      ...', Array, NULL)\n#1 D:\\xampp\\htdocs\\GM_HMS\\controler\\api\\AdminInfoController.php(292): GM_HMS\\Database\\SecureDatabase->fetchAll('SELECT \\r\\n      ...')\n#2 D:\\xampp\\htdocs\\GM_HMS\\api\\index.php(459): GM_HMS\\Controllers\\api\\AdminInfoController->getBedAvailability()\n#3 {main}"}
[01-Aug-2026 10:17:15 Europe/Berlin] [DEBUG] Routing - Processed Path: /api/admin/active-departments, Method: GET
[01-Aug-2026 10:17:15 Europe/Berlin] [DEBUG] Routing - Processed Path: /api/admin/analytics, Method: GET
[01-Aug-2026 10:17:38 Europe/Berlin] [DEBUG] Routing - Processed Path: /api/auth/login, Method: POST
[01-Aug-2026 10:17:38 Europe/Berlin] [DEBUG] AuthController::login hit
[01-Aug-2026 10:17:39 Europe/Berlin] Audit [info]: User shalini logged in as Receptionist []
[01-Aug-2026 10:20:42 Europe/Berlin] [DEBUG] Routing - Processed Path: /api/auth/login, Method: POST
[01-Aug-2026 10:20:42 Europe/Berlin] [DEBUG] AuthController::login hit
[01-Aug-2026 10:20:42 Europe/Berlin] Audit [info]: User shalini logged in as Receptionist []
[01-Aug-2026 10:22:36 Europe/Berlin] [DEBUG] Routing - Processed Path: /api/auth/login, Method: POST
[01-Aug-2026 10:22:36 Europe/Berlin] [DEBUG] AuthController::login hit
[01-Aug-2026 10:22:37 Europe/Berlin] Audit [info]: User nethra logged in as admin []
[01-Aug-2026 10:22:39 Europe/Berlin] [DEBUG] Routing - Processed Path: /api/admin/dashboard-summary, Method: GET
[01-Aug-2026 10:22:39 Europe/Berlin] [DEBUG] Routing - Processed Path: /api/admin/bed-availability, Method: GET
[01-Aug-2026 10:22:39 Europe/Berlin] Controller exception: Query preparation failed: Unknown column 'ward_type' in 'field list'. Query: SELECT 
                        ward_name,
                        ward_type,
                        room_name,
                        room_category,
                        COUNT(*) as total_beds,
                        SUM(CASE WHEN bed_status = 'Occupied' THEN 1 ELSE 0 END) as occupied_beds,
                        SUM(CASE WHEN bed_status = 'Available' THEN 1 ELSE 0 END) as available_beds,
                        SUM(CASE WHEN bed_status = 'Blocked' THEN 1 ELSE 0 END) as blocked_beds,
                        SUM(CASE WHEN bed_status = 'Maintenance' THEN 1 ELSE 0 END) as maintenance_beds
                    FROM hospital_beds
                    GROUP BY ward_name, ward_type, room_name, room_category
                    ORDER BY ward_name, room_name
[01-Aug-2026 10:22:39 Europe/Berlin] Audit [error]: Query preparation failed: Unknown column 'ward_type' in 'field list'. Query: SELECT 
                        ward_name,
                        ward_type,
                        room_name,
                        room_category,
                        COUNT(*) as total_beds,
                        SUM(CASE WHEN bed_status = 'Occupied' THEN 1 ELSE 0 END) as occupied_beds,
                        SUM(CASE WHEN bed_status = 'Available' THEN 1 ELSE 0 END) as available_beds,
                        SUM(CASE WHEN bed_status = 'Blocked' THEN 1 ELSE 0 END) as blocked_beds,
                        SUM(CASE WHEN bed_status = 'Maintenance' THEN 1 ELSE 0 END) as maintenance_beds
                    FROM hospital_beds
                    GROUP BY ward_name, ward_type, room_name, room_category
                    ORDER BY ward_name, room_name {"trace":"#0 D:\\xampp\\htdocs\\GM_HMS\\Database\\SecureDatabase.php(147): GM_HMS\\Database\\SecureDatabase->execute('SELECT \\r\\n      ...', Array, NULL)\n#1 D:\\xampp\\htdocs\\GM_HMS\\controler\\api\\AdminInfoController.php(292): GM_HMS\\Database\\SecureDatabase->fetchAll('SELECT \\r\\n      ...')\n#2 D:\\xampp\\htdocs\\GM_HMS\\api\\index.php(459): GM_HMS\\Controllers\\api\\AdminInfoController->getBedAvailability()\n#3 {main}"}
[01-Aug-2026 10:22:39 Europe/Berlin] [DEBUG] Routing - Processed Path: /api/admin/active-departments, Method: GET
[01-Aug-2026 10:22:39 Europe/Berlin] [DEBUG] Routing - Processed Path: /api/admin/analytics, Method: GET
[01-Aug-2026 10:22:40 Europe/Berlin] [DEBUG] Routing - Processed Path: /api/doctors/1/opd-patients, Method: GET
[01-Aug-2026 10:22:40 Europe/Berlin] [DEBUG] Routing - Processed Path: /api/notifications/unread-count, Method: GET
[01-Aug-2026 10:22:40 Europe/Berlin] [DEBUG] Routing - Processed Path: /api/doctors/1, Method: GET
[01-Aug-2026 10:22:40 Europe/Berlin] [DEBUG] Routing - Processed Path: /api/notifications, Method: GET
[01-Aug-2026 10:22:40 Europe/Berlin] [DEBUG] Routing - Processed Path: /api/appointments, Method: GET
[01-Aug-2026 10:22:41 Europe/Berlin] [DEBUG] Routing - Processed Path: /api/appointments, Method: GET
[01-Aug-2026 10:22:41 Europe/Berlin] [DEBUG] Routing - Processed Path: /api/doctors/1/ipd-patients, Method: GET
[01-Aug-2026 10:22:41 Europe/Berlin] [DEBUG] Routing - Processed Path: /api/consultations, Method: GET
[01-Aug-2026 10:22:42 Europe/Berlin] [DEBUG] Routing - Processed Path: /api/admin/active-departments, Method: GET
[01-Aug-2026 10:22:42 Europe/Berlin] [DEBUG] Routing - Processed Path: /api/admin/bed-availability, Method: GET
[01-Aug-2026 10:22:42 Europe/Berlin] Controller exception: Query preparation failed: Unknown column 'ward_type' in 'field list'. Query: SELECT 
                        ward_name,
                        ward_type,
                        room_name,
                        room_category,
                        COUNT(*) as total_beds,
                        SUM(CASE WHEN bed_status = 'Occupied' THEN 1 ELSE 0 END) as occupied_beds,
                        SUM(CASE WHEN bed_status = 'Available' THEN 1 ELSE 0 END) as available_beds,
                        SUM(CASE WHEN bed_status = 'Blocked' THEN 1 ELSE 0 END) as blocked_beds,
                        SUM(CASE WHEN bed_status = 'Maintenance' THEN 1 ELSE 0 END) as maintenance_beds
                    FROM hospital_beds
                    GROUP BY ward_name, ward_type, room_name, room_category
                    ORDER BY ward_name, room_name
[01-Aug-2026 10:22:42 Europe/Berlin] Audit [error]: Query preparation failed: Unknown column 'ward_type' in 'field list'. Query: SELECT 
                        ward_name,
                        ward_type,
                        room_name,
                        room_category,
                        COUNT(*) as total_beds,
                        SUM(CASE WHEN bed_status = 'Occupied' THEN 1 ELSE 0 END) as occupied_beds,
                        SUM(CASE WHEN bed_status = 'Available' THEN 1 ELSE 0 END) as available_beds,
                        SUM(CASE WHEN bed_status = 'Blocked' THEN 1 ELSE 0 END) as blocked_beds,
                        SUM(CASE WHEN bed_status = 'Maintenance' THEN 1 ELSE 0 END) as maintenance_beds
                    FROM hospital_beds
                    GROUP BY ward_name, ward_type, room_name, room_category
                    ORDER BY ward_name, room_name {"trace":"#0 D:\\xampp\\htdocs\\GM_HMS\\Database\\SecureDatabase.php(147): GM_HMS\\Database\\SecureDatabase->execute('SELECT \\r\\n      ...', Array, NULL)\n#1 D:\\xampp\\htdocs\\GM_HMS\\controler\\api\\AdminInfoController.php(292): GM_HMS\\Database\\SecureDatabase->fetchAll('SELECT \\r\\n      ...')\n#2 D:\\xampp\\htdocs\\GM_HMS\\api\\index.php(459): GM_HMS\\Controllers\\api\\AdminInfoController->getBedAvailability()\n#3 {main}"}
[01-Aug-2026 10:22:42 Europe/Berlin] [DEBUG] Routing - Processed Path: /api/admin/dashboard-summary, Method: GET
[01-Aug-2026 10:22:43 Europe/Berlin] [DEBUG] Routing - Processed Path: /api/admin/analytics, Method: GET
[01-Aug-2026 10:22:46 Europe/Berlin] [DEBUG] Routing - Processed Path: /api/admin/dashboard-summary, Method: GET
[01-Aug-2026 10:22:46 Europe/Berlin] [DEBUG] Routing - Processed Path: /api/admin/bed-availability, Method: GET
[01-Aug-2026 10:22:46 Europe/Berlin] Controller exception: Query preparation failed: Unknown column 'ward_type' in 'field list'. Query: SELECT 
                        ward_name,
                        ward_type,
                        room_name,
                        room_category,
                        COUNT(*) as total_beds,
                        SUM(CASE WHEN bed_status = 'Occupied' THEN 1 ELSE 0 END) as occupied_beds,
                        SUM(CASE WHEN bed_status = 'Available' THEN 1 ELSE 0 END) as available_beds,
                        SUM(CASE WHEN bed_status = 'Blocked' THEN 1 ELSE 0 END) as blocked_beds,
                        SUM(CASE WHEN bed_status = 'Maintenance' THEN 1 ELSE 0 END) as maintenance_beds
                    FROM hospital_beds
                    GROUP BY ward_name, ward_type, room_name, room_category
                    ORDER BY ward_name, room_name
[01-Aug-2026 10:22:46 Europe/Berlin] Audit [error]: Query preparation failed: Unknown column 'ward_type' in 'field list'. Query: SELECT 
                        ward_name,
                        ward_type,
                        room_name,
                        room_category,
                        COUNT(*) as total_beds,
                        SUM(CASE WHEN bed_status = 'Occupied' THEN 1 ELSE 0 END) as occupied_beds,
                        SUM(CASE WHEN bed_status = 'Available' THEN 1 ELSE 0 END) as available_beds,
                        SUM(CASE WHEN bed_status = 'Blocked' THEN 1 ELSE 0 END) as blocked_beds,
                        SUM(CASE WHEN bed_status = 'Maintenance' THEN 1 ELSE 0 END) as maintenance_beds
                    FROM hospital_beds
                    GROUP BY ward_name, ward_type, room_name, room_category
                    ORDER BY ward_name, room_name {"trace":"#0 D:\\xampp\\htdocs\\GM_HMS\\Database\\SecureDatabase.php(147): GM_HMS\\Database\\SecureDatabase->execute('SELECT \\r\\n      ...', Array, NULL)\n#1 D:\\xampp\\htdocs\\GM_HMS\\controler\\api\\AdminInfoController.php(292): GM_HMS\\Database\\SecureDatabase->fetchAll('SELECT \\r\\n      ...')\n#2 D:\\xampp\\htdocs\\GM_HMS\\api\\index.php(459): GM_HMS\\Controllers\\api\\AdminInfoController->getBedAvailability()\n#3 {main}"}
[01-Aug-2026 10:22:46 Europe/Berlin] [DEBUG] Routing - Processed Path: /api/admin/analytics, Method: GET
[01-Aug-2026 10:22:46 Europe/Berlin] [DEBUG] Routing - Processed Path: /api/admin/active-departments, Method: GET
[01-Aug-2026 10:22:48 Europe/Berlin] [DEBUG] Routing - Processed Path: /api/pharmacy/notifications/counts, Method: GET
[01-Aug-2026 10:22:48 Europe/Berlin] [DEBUG] Routing - Processed Path: /api/pharmacy/dashboard, Method: GET
[01-Aug-2026 10:22:49 Europe/Berlin] [DEBUG] Routing - Processed Path: /api/admin/dashboard-summary, Method: GET
[01-Aug-2026 10:22:50 Europe/Berlin] [DEBUG] Routing - Processed Path: /api/admin/bed-availability, Method: GET
[01-Aug-2026 10:22:50 Europe/Berlin] Controller exception: Query preparation failed: Unknown column 'ward_type' in 'field list'. Query: SELECT 
                        ward_name,
                        ward_type,
                        room_name,
                        room_category,
                        COUNT(*) as total_beds,
                        SUM(CASE WHEN bed_status = 'Occupied' THEN 1 ELSE 0 END) as occupied_beds,
                        SUM(CASE WHEN bed_status = 'Available' THEN 1 ELSE 0 END) as available_beds,
                        SUM(CASE WHEN bed_status = 'Blocked' THEN 1 ELSE 0 END) as blocked_beds,
                        SUM(CASE WHEN bed_status = 'Maintenance' THEN 1 ELSE 0 END) as maintenance_beds
                    FROM hospital_beds
                    GROUP BY ward_name, ward_type, room_name, room_category
                    ORDER BY ward_name, room_name
[01-Aug-2026 10:22:50 Europe/Berlin] Audit [error]: Query preparation failed: Unknown column 'ward_type' in 'field list'. Query: SELECT 
                        ward_name,
                        ward_type,
                        room_name,
                        room_category,
                        COUNT(*) as total_beds,
                        SUM(CASE WHEN bed_status = 'Occupied' THEN 1 ELSE 0 END) as occupied_beds,
                        SUM(CASE WHEN bed_status = 'Available' THEN 1 ELSE 0 END) as available_beds,
                        SUM(CASE WHEN bed_status = 'Blocked' THEN 1 ELSE 0 END) as blocked_beds,
                        SUM(CASE WHEN bed_status = 'Maintenance' THEN 1 ELSE 0 END) as maintenance_beds
                    FROM hospital_beds
                    GROUP BY ward_name, ward_type, room_name, room_category
                    ORDER BY ward_name, room_name {"trace":"#0 D:\\xampp\\htdocs\\GM_HMS\\Database\\SecureDatabase.php(147): GM_HMS\\Database\\SecureDatabase->execute('SELECT \\r\\n      ...', Array, NULL)\n#1 D:\\xampp\\htdocs\\GM_HMS\\controler\\api\\AdminInfoController.php(292): GM_HMS\\Database\\SecureDatabase->fetchAll('SELECT \\r\\n      ...')\n#2 D:\\xampp\\htdocs\\GM_HMS\\api\\index.php(459): GM_HMS\\Controllers\\api\\AdminInfoController->getBedAvailability()\n#3 {main}"}
[01-Aug-2026 10:22:50 Europe/Berlin] [DEBUG] Routing - Processed Path: /api/admin/active-departments, Method: GET
[01-Aug-2026 10:22:50 Europe/Berlin] [DEBUG] Routing - Processed Path: /api/admin/analytics, Method: GET
[01-Aug-2026 10:22:58 Europe/Berlin] [DEBUG] Routing - Processed Path: /api/ipd-billing-master, Method: GET
[01-Aug-2026 10:23:00 Europe/Berlin] [DEBUG] Routing - Processed Path: /api/ipd-billing-master, Method: POST
[01-Aug-2026 10:23:01 Europe/Berlin] [DEBUG] Routing - Processed Path: /api/ipd-payment, Method: GET
[01-Aug-2026 10:23:01 Europe/Berlin] [DEBUG] Routing - Processed Path: /api/ipd-billing-items, Method: GET
[01-Aug-2026 10:23:04 Europe/Berlin] [DEBUG] Routing - Processed Path: /api/ipd-billing-master, Method: GET
[01-Aug-2026 10:23:16 Europe/Berlin] [DEBUG] Routing - Processed Path: /api/ipd-billing-master, Method: GET
[01-Aug-2026 10:23:21 Europe/Berlin] [DEBUG] Routing - Processed Path: /api/index.php/api/billing/opd/stats, Method: GET
[01-Aug-2026 10:23:21 Europe/Berlin] [DEBUG] Routing - Processed Path: /api/index.php/api/billing/opd, Method: GET
[01-Aug-2026 10:24:02 Europe/Berlin] [DEBUG] Routing - Processed Path: /api/ipd-billing-master, Method: GET
[01-Aug-2026 10:25:24 Europe/Berlin] [DEBUG] Routing - Processed Path: /api/ipd-billing-master, Method: GET
[01-Aug-2026 10:25:26 Europe/Berlin] [DEBUG] Routing - Processed Path: /api/ipd-billing-master, Method: GET
[01-Aug-2026 10:25:30 Europe/Berlin] [DEBUG] Routing - Processed Path: /api/index.php/api/billing/opd/stats, Method: GET
[01-Aug-2026 10:25:30 Europe/Berlin] [DEBUG] Routing - Processed Path: /api/index.php/api/billing/opd, Method: GET
[01-Aug-2026 10:25:34 Europe/Berlin] [DEBUG] Routing - Processed Path: /api/ipd-billing-master, Method: GET
[01-Aug-2026 10:27:08 Europe/Berlin] [DEBUG] Routing - Processed Path: /api/ipd-billing-master, Method: GET
[01-Aug-2026 10:27:27 Europe/Berlin] [DEBUG] Routing - Processed Path: /api/auth/login, Method: POST
[01-Aug-2026 10:27:27 Europe/Berlin] [DEBUG] AuthController::login hit
[01-Aug-2026 10:27:27 Europe/Berlin] Audit [info]: User nethra logged in as admin []
[01-Aug-2026 10:27:29 Europe/Berlin] [DEBUG] Routing - Processed Path: /api/admin/dashboard-summary, Method: GET
[01-Aug-2026 10:27:29 Europe/Berlin] [DEBUG] Routing - Processed Path: /api/admin/bed-availability, Method: GET
[01-Aug-2026 10:27:29 Europe/Berlin] Controller exception: Query preparation failed: Unknown column 'ward_type' in 'field list'. Query: SELECT 
                        ward_name,
                        ward_type,
                        room_name,
                        room_category,
                        COUNT(*) as total_beds,
                        SUM(CASE WHEN bed_status = 'Occupied' THEN 1 ELSE 0 END) as occupied_beds,
                        SUM(CASE WHEN bed_status = 'Available' THEN 1 ELSE 0 END) as available_beds,
                        SUM(CASE WHEN bed_status = 'Blocked' THEN 1 ELSE 0 END) as blocked_beds,
                        SUM(CASE WHEN bed_status = 'Maintenance' THEN 1 ELSE 0 END) as maintenance_beds
                    FROM hospital_beds
                    GROUP BY ward_name, ward_type, room_name, room_category
                    ORDER BY ward_name, room_name
[01-Aug-2026 10:27:29 Europe/Berlin] Audit [error]: Query preparation failed: Unknown column 'ward_type' in 'field list'. Query: SELECT 
                        ward_name,
                        ward_type,
                        room_name,
                        room_category,
                        COUNT(*) as total_beds,
                        SUM(CASE WHEN bed_status = 'Occupied' THEN 1 ELSE 0 END) as occupied_beds,
                        SUM(CASE WHEN bed_status = 'Available' THEN 1 ELSE 0 END) as available_beds,
                        SUM(CASE WHEN bed_status = 'Blocked' THEN 1 ELSE 0 END) as blocked_beds,
                        SUM(CASE WHEN bed_status = 'Maintenance' THEN 1 ELSE 0 END) as maintenance_beds
                    FROM hospital_beds
                    GROUP BY ward_name, ward_type, room_name, room_category
                    ORDER BY ward_name, room_name {"trace":"#0 D:\\xampp\\htdocs\\GM_HMS\\Database\\SecureDatabase.php(147): GM_HMS\\Database\\SecureDatabase->execute('SELECT \\r\\n      ...', Array, NULL)\n#1 D:\\xampp\\htdocs\\GM_HMS\\controler\\api\\AdminInfoController.php(292): GM_HMS\\Database\\SecureDatabase->fetchAll('SELECT \\r\\n      ...')\n#2 D:\\xampp\\htdocs\\GM_HMS\\api\\index.php(459): GM_HMS\\Controllers\\api\\AdminInfoController->getBedAvailability()\n#3 {main}"}
[01-Aug-2026 10:27:29 Europe/Berlin] [DEBUG] Routing - Processed Path: /api/admin/analytics, Method: GET
[01-Aug-2026 10:27:29 Europe/Berlin] [DEBUG] Routing - Processed Path: /api/admin/active-departments, Method: GET
[01-Aug-2026 10:27:33 Europe/Berlin] [DEBUG] Routing - Processed Path: /api/index.php/api/billing/opd/stats, Method: GET
[01-Aug-2026 10:27:33 Europe/Berlin] [DEBUG] Routing - Processed Path: /api/index.php/api/billing/opd, Method: GET
[01-Aug-2026 10:27:36 Europe/Berlin] [DEBUG] Routing - Processed Path: /api/ipd-billing-master, Method: GET
